"Coord1","Coord2","Cost","Length"
"15650.0_5050.0","15650.0_5250.0","6.0","200.0"
"53150.0_7650.0","53150.0_7850.0","8.0","400.0"
"58450.0_39250.0","58650.0_38250.0","10.8284272","1082.842712474619"
"50050.0_8850.0","50050.0_10450.0","16.0","1600.0"
"24450.0_15050.0","24650.0_14150.0","9.8284272","982.842712474619"
"38250.0_31650.0","38850.0_29350.0","25.4852816","2548.528137423857"
"56250.0_26150.0","56650.0_28350.0","23.6568544","2365.685424949238"
"48750.0_18650.0","49150.0_17650.0","11.6568544","1165.685424949238"
"31350.0_10050.0","34550.0_6650.0","66.87005839999996","6687.005768508881"
"21350.0_34850.0","21650.0_35050.0","3.8284272","382.842712474619"
"38550.0_12950.0","38950.0_12850.0","4.4142136","441.4213562373095"
"30950.0_9150.0","31450.0_6750.0","63.04163119999997","3255.6349186104044"
"7350.0_34650.0","12050.0_34350.0","48.24264079999999","4824.264068711928"
"13150.0_47350.0","13350.0_48150.0","20.8284272","882.842712474619"
"21350.0_34850.0","21750.0_40450.0","58.48528159999999","5848.5281374238575"
"14250.0_14950.0","14550.0_11850.0","33.899495200000004","3389.9494936611663"
"40250.0_31350.0","40850.0_30650.0","38.7989904","1065.685424949238"
"11250.0_49650.0","11450.0_48850.0","8.8284272","882.842712474619"
"27050.0_15550.0","27850.0_12350.0","35.3137088","3531.370849898476"
"15850.0_6850.0","16050.0_6750.0","2.4142136","241.4213562373095"
"43550.0_54650.0","44250.0_54350.0","35.4558448","965.685424949238"
"21650.0_35050.0","21750.0_40450.0","55.242640800000004","5524.264068711929"
"16450.0_5150.0","17450.0_2750.0","28.142136","2814.213562373095"
"31950.0_29750.0","33050.0_31450.0","30.7279224","3072.7922061357854"
"18350.0_21550.0","18750.0_17950.0","39.3137088","3931.370849898476"
"1250.0_47050.0","3050.0_44450.0","38.52691279999999","3852.6911934581185"
"250.0_27250.0","1150.0_24350.0","32.7279224","3272.792206135786"
"18450.0_4050.0","18650.0_4850.0","8.8284272","882.842712474619"
"28050.0_49950.0","28950.0_48950.0","14.3137088","1431.370849898476"
"33650.0_13250.0","38950.0_12850.0","68.01219439999996","6801.219330881975"
"31950.0_26150.0","32750.0_26950.0","11.3137088","1131.370849898476"
"6350.0_16350.0","6550.0_15150.0","14.4852816","1448.528137423857"
"1150.0_49150.0","2150.0_50350.0","16.142136","1614.213562373095"
"26750.0_22150.0","27450.0_21050.0","14.4852816","1448.528137423857"
"33650.0_13250.0","38550.0_12950.0","65.59798079999996","6559.797974644667"
"38050.0_31550.0","39450.0_31250.0","15.2426408","1524.2640687119285"
"24050.0_53050.0","24650.0_53450.0","7.6568544","765.685424949238"
"14250.0_14950.0","14950.0_11850.0","33.899495200000004","3389.9494936611663"
"3650.0_51050.0","3750.0_51050.0","1.0","100.0"
"40650.0_24150.0","42650.0_24750.0","24.7279224","2472.792206135786"
"11750.0_6450.0","16450.0_8950.0","57.35533999999994","5735.533905932738"
"11750.0_20050.0","11950.0_21250.0","14.2426408","1424.2640687119285"
"48150.0_35050.0","48950.0_34250.0","41.112699199999994","1448.528137423857"
"51650.0_49850.0","52650.0_49650.0","47.84062159999999","1472.7922061357856"
"18550.0_5950.0","18950.0_6650.0","29.8284272","982.842712474619"
"11850.0_18650.0","12050.0_19050.0","4.8284272","482.842712474619"
"36950.0_44350.0","38050.0_43650.0","13.8994952","1389.9494936611666"
"550.0_23850.0","1050.0_24450.0","8.071068","807.1067811865476"
"50050.0_8750.0","50450.0_9050.0","9.8284272","582.842712474619"
"44450.0_48850.0","44750.0_48950.0","3.4142136","341.4213562373095"
"34650.0_26950.0","34850.0_27250.0","19.142136","382.842712474619"
"47550.0_36150.0","49550.0_35750.0","21.6568544","2165.685424949238"
"38150.0_9950.0","40950.0_10850.0","31.7279224","3172.792206135786"
"14550.0_11850.0","14950.0_11850.0","4.0","400.0"
"7450.0_32250.0","10550.0_34050.0","38.455844799999994","3845.584412271571"
"18550.0_13350.0","20350.0_13250.0","41.62741759999999","2148.528137423857"
"8750.0_48650.0","11450.0_48850.0","27.8284272","2782.842712474619"
"14350.0_58850.0","17750.0_58150.0","39.24264079999999","3924.2640687119283"
"3750.0_44850.0","4750.0_46250.0","18.142136","1814.213562373095"
"47350.0_17250.0","50350.0_19350.0","42.79899039999998","4279.898987322333"
"12250.0_51050.0","12950.0_52550.0","17.8994952","1789.9494936611666"
"8750.0_48650.0","11250.0_49650.0","29.142136","2914.213562373095"
"48250.0_35050.0","51150.0_39050.0","52.012194399999956","5201.219330881976"
"29050.0_10650.0","30050.0_9350.0","34.3137088","2231.370849898476"
"7650.0_59350.0","8350.0_59850.0","45.35534","907.1067811865476"
"8350.0_31950.0","11450.0_36450.0","58.669048799999956","5866.904755831214"
"3050.0_44250.0","4950.0_41350.0","37.455844799999994","3745.584412271571"
"10350.0_56150.0","13550.0_51950.0","59.941126399999945","5994.112549695428"
"21750.0_54350.0","22350.0_53150.0","14.4852816","1448.528137423857"
"15050.0_50350.0","16350.0_49950.0","14.6568544","1465.685424949238"
"14450.0_48850.0","16650.0_49950.0","27.3847768","2738.477631085024"
"56050.0_45950.0","57450.0_47450.0","20.7989904","2079.898987322333"
"14250.0_36350.0","21350.0_37950.0","77.62741759999996","7762.741699796952"
"27050.0_50250.0","27450.0_50150.0","20.071068","641.4213562373095"
"29550.0_12250.0","29950.0_11650.0","38.284272","765.685424949238"
"26850.0_42750.0","27850.0_43250.0","51.48528159999999","1382.842712474619"
"13750.0_36250.0","22450.0_41050.0","111.56854399999992","11156.85424949238"
"7550.0_15950.0","7750.0_14350.0","17.4142136","1741.4213562373095"
"57350.0_47450.0","57450.0_44450.0","33.7279224","3372.792206135786"
"37950.0_56550.0","38050.0_56950.0","4.4142136","441.4213562373095"
"55850.0_28250.0","55950.0_28350.0","1.4142136","141.4213562373095"
"44250.0_53450.0","44250.0_54350.0","13.0","900.0"
"17750.0_20750.0","21250.0_22450.0","43.79899039999998","4379.898987322333"
"21350.0_34850.0","24750.0_38250.0","64.28427199999996","6428.427124746191"
"37950.0_30550.0","38050.0_31550.0","12.071068","1207.1067811865476"
"38250.0_31650.0","38350.0_31750.0","1.4142136","141.4213562373095"
"16650.0_50050.0","16750.0_49750.0","3.4142136","341.4213562373095"
"46350.0_16150.0","46750.0_16450.0","26.213204","524.2640687119285"
"38150.0_19750.0","38650.0_20550.0","10.071068","1007.1067811865476"
"3050.0_44250.0","6450.0_42650.0","40.62741759999999","4062.741699796952"
"21650.0_35050.0","24750.0_38250.0","61.04163119999997","6104.163056034262"
"38350.0_31750.0","38850.0_29350.0","26.071068","2607.106781186548"
"57150.0_59350.0","57450.0_58750.0","7.2426408","724.2640687119285"
"2150.0_50350.0","4750.0_50350.0","26.0","2600.0"
"950.0_46450.0","3750.0_44850.0","34.6274176","3462.741699796952"
"43550.0_54650.0","44250.0_53450.0","41.284272","1548.528137423857"
"21750.0_40450.0","24750.0_38250.0","39.11269919999998","3911.269837220809"
"55950.0_9250.0","56250.0_12650.0","36.071068","3607.106781186548"
"18950.0_36650.0","22650.0_36450.0","54.35533999999997","5435.533905932738"
"3750.0_51050.0","4250.0_48850.0","24.071068","2407.106781186548"
"49050.0_12850.0","49150.0_14150.0","75.35534","1507.1067811865476"
"34950.0_10150.0","35650.0_9050.0","13.8994952","1389.9494936611666"
"13550.0_43450.0","13750.0_43550.0","2.4142136","241.4213562373095"
"40450.0_25750.0","42350.0_24550.0","24.5563496","2455.6349186104044"
"27450.0_50050.0","28150.0_46950.0","34.7279224","3472.792206135786"
"4050.0_56750.0","4150.0_57050.0","9.4142136","541.4213562373095"
"44250.0_53550.0","45650.0_53650.0","14.4142136","1441.4213562373095"
"7250.0_22950.0","8350.0_26850.0","43.556349599999976","4355.634918610404"
"52150.0_15150.0","53650.0_15450.0","16.2426408","1624.2640687119285"
"56050.0_11550.0","57350.0_10150.0","19.3847768","1938.4776310850236"
"37950.0_30550.0","39450.0_31250.0","17.8994952","1789.9494936611666"
"11150.0_57750.0","13550.0_51950.0","69.69848559999996","6969.8484809835"
"3250.0_41350.0","6050.0_42050.0","44.69848559999997","4469.8484809835"
"14250.0_36350.0","14450.0_37850.0","15.8284272","1582.842712474619"
"27950.0_7650.0","30050.0_9250.0","27.6274176","2762.741699796952"
"3650.0_51050.0","4250.0_48850.0","24.4852816","2448.528137423857"
"1150.0_49150.0","4750.0_50350.0","40.97056319999999","4097.056274847714"
"48050.0_47750.0","48950.0_48750.0","20.3137088","1631.370849898476"
"12250.0_51050.0","14550.0_54850.0","47.52691279999996","4752.6911934581185"
"37750.0_31750.0","38250.0_31750.0","21.7279224","724.2640687119285"
"49050.0_3550.0","53850.0_3950.0","49.656854399999986","4965.685424949238"
"14450.0_37850.0","21350.0_37950.0","70.24264079999999","7024.264068711928"
"8950.0_34950.0","11650.0_36250.0","32.9705632","3297.056274847714"
"5450.0_29450.0","11550.0_34650.0","82.5391071999999","8253.910524340094"
"20050.0_8650.0","21950.0_7350.0","25.213204","2521.3203435596424"
"10350.0_56150.0","11150.0_57750.0","19.3137088","1931.370849898476"
"31150.0_26050.0","32750.0_26950.0","19.7279224","1972.7922061357856"
"19150.0_17650.0","20750.0_19250.0","26.142136","2614.213562373095"
"4950.0_27150.0","5450.0_26850.0","31.213204","624.2640687119285"
"27450.0_21050.0","28650.0_25450.0","51.45584479999995","5145.584412271571"
"17350.0_11250.0","18650.0_11550.0","15.6568544","1565.685424949238"
"950.0_46450.0","4750.0_46250.0","38.82842719999999","3882.842712474619"
"36750.0_59650.0","39250.0_59050.0","27.4852816","2748.528137423857"
"11950.0_6550.0","16450.0_8950.0","54.941126399999945","5494.112549695428"
"14250.0_15050.0","15550.0_15750.0","27.3137088","2331.370849898476"
"31150.0_26050.0","31950.0_26150.0","8.4142136","841.4213562373095"
"49850.0_33350.0","51350.0_33850.0","17.071068","1707.1067811865476"
"4950.0_41350.0","6450.0_42650.0","45.79899039999998","4579.898987322334"
"33050.0_31450.0","34650.0_33650.0","29.7989904","2979.898987322333"
"5450.0_56650.0","6950.0_57450.0","18.3137088","1831.370849898476"
"34750.0_31350.0","36950.0_32250.0","26.5563496","2655.6349186104044"
"46850.0_18450.0","49150.0_17850.0","26.6568544","2665.685424949238"
"33850.0_13450.0","35550.0_10750.0","34.87005839999999","3487.0057685088805"
"42050.0_4550.0","43350.0_5450.0","16.7279224","1672.7922061357856"
"42950.0_47950.0","43750.0_47750.0","8.8284272","882.842712474619"
"27950.0_12550.0","28350.0_13950.0","18.142136","1814.213562373095"
"30550.0_31250.0","31850.0_29650.0","21.3847768","2138.477631085024"
"11750.0_6450.0","11950.0_6550.0","2.4142136","241.4213562373095"
"16750.0_32750.0","17050.0_32750.0","3.8284272","382.842712474619"
"26650.0_31450.0","28150.0_30350.0","19.5563496","1955.6349186104046"
"12950.0_52550.0","14550.0_54850.0","29.6274176","2962.741699796952"
"34550.0_6650.0","35050.0_10050.0","36.071068","3607.106781186548"
"26750.0_22150.0","28650.0_25450.0","43.94112639999997","4394.112549695428"
"10650.0_13450.0","12550.0_13950.0","21.071068","2107.106781186548"
"31950.0_29750.0","34650.0_33650.0","58.52691279999996","5852.6911934581185"
"44350.0_12750.0","44950.0_13750.0","12.4852816","1248.528137423857"
"31350.0_10050.0","35050.0_10050.0","40.313708799999986","4031.370849898476"
"28550.0_25450.0","28550.0_25550.0","5.0","100.0"
"39350.0_31350.0","39350.0_31450.0","1.0","100.0"
"35550.0_10850.0","35750.0_9050.0","56.6690488","2438.477631085024"
"42650.0_21750.0","42850.0_21350.0","24.142136","482.842712474619"
"3050.0_44150.0","4650.0_40850.0","39.62741759999999","3962.741699796952"
"37050.0_58050.0","37350.0_57950.0","3.4142136","341.4213562373095"
"15650.0_5150.0","18450.0_4050.0","32.556349600000004","3255.6349186104044"
"37950.0_56550.0","38350.0_54750.0","19.6568544","1965.685424949238"
"57450.0_44450.0","57450.0_47450.0","34.142135999999994","3414.213562373095"
"33850.0_13450.0","40950.0_10850.0","85.87005839999995","8587.00576850888"
"10350.0_56150.0","12250.0_51050.0","65.11269919999994","6511.269837220809"
"58650.0_38250.0","58950.0_38550.0","4.2426408","424.26406871192853"
"45650.0_53650.0","45950.0_53950.0","4.2426408","424.26406871192853"
"27750.0_47950.0","28050.0_49950.0","22.8994952","2289.9494936611663"
"27850.0_12350.0","27950.0_12550.0","2.4142136","241.4213562373095"
"8350.0_26850.0","8450.0_21950.0","51.071068","5107.106781186547"
"27950.0_4950.0","28050.0_4850.0","6.0","200.0"
"42450.0_6250.0","42650.0_5950.0","3.8284272","382.842712474619"
"3050.0_44450.0","3050.0_47450.0","33.3137088","3331.370849898476"
"28150.0_29850.0","28250.0_29450.0","22.071068","441.4213562373095"
"46750.0_47250.0","47150.0_48250.0","11.6568544","1165.685424949238"
"58450.0_39250.0","58950.0_38550.0","9.071068","907.1067811865476"
"1250.0_47050.0","3050.0_47450.0","19.6568544","1965.685424949238"
"16850.0_12050.0","17350.0_11250.0","10.071068","1007.1067811865476"
"42750.0_4450.0","43350.0_5450.0","12.4852816","1248.528137423857"
"8950.0_34950.0","10550.0_34050.0","19.7279224","1972.7922061357856"
"43750.0_47750.0","44450.0_48850.0","13.8994952","1389.9494936611666"
"52350.0_30750.0","53550.0_30850.0","12.4142136","1241.4213562373095"
"46350.0_6550.0","46950.0_6550.0","30.0","600.0"
"26350.0_55250.0","26850.0_55250.0","11.0","700.0"
"20750.0_19250.0","21250.0_22450.0","38.21320399999999","3821.3203435596424"
"57450.0_58750.0","57950.0_56450.0","25.071068","2507.106781186548"
"59450.0_49750.0","59750.0_49650.0","3.4142136","341.4213562373095"
"27050.0_15550.0","27950.0_12550.0","33.7279224","3372.792206135786"
"15650.0_5150.0","18650.0_4850.0","31.2426408","3124.2640687119283"
"11450.0_36450.0","11550.0_34650.0","21.4852816","2148.528137423857"
"48750.0_18650.0","50750.0_18550.0","20.4142136","2041.4213562373095"
"16150.0_5350.0","18450.0_5950.0","27.9705632","2797.056274847714"
"12150.0_51150.0","12650.0_56950.0","60.07106799999998","6007.106781186548"
"27750.0_47950.0","28950.0_48950.0","16.142136","1614.213562373095"
"7450.0_32250.0","8950.0_34950.0","33.798990399999994","3379.898987322333"
"12950.0_52550.0","13550.0_51950.0","11.071068","1107.1067811865476"
"43750.0_47750.0","44750.0_48950.0","17.3137088","1731.370849898476"
"7250.0_23150.0","7350.0_26050.0","33.899495200000004","3389.9494936611663"
"49150.0_17650.0","50750.0_18550.0","20.8994952","2089.9494936611663"
"55850.0_28250.0","56850.0_28050.0","10.8284272","1082.842712474619"
"1650.0_2350.0","2250.0_950.0","16.4852816","1648.528137423857"
"16650.0_6850.0","16950.0_7450.0","11.2426408","724.2640687119285"
"22350.0_53150.0","22950.0_53750.0","8.4852816","848.5281374238571"
"30950.0_7550.0","31450.0_6750.0","46.55634959999999","1607.1067811865476"
"33850.0_13450.0","38150.0_9950.0","66.28427199999997","6628.42712474619"
"3650.0_41150.0","6050.0_42050.0","45.04163119999998","4504.163056034262"
"30950.0_7550.0","30950.0_9150.0","24.4852816","2048.528137423857"
"2850.0_56150.0","4050.0_57050.0","15.7279224","1572.7922061357856"
"10350.0_56150.0","12950.0_52550.0","49.69848559999997","4969.8484809835"
"14250.0_50950.0","15050.0_50250.0","38.35534","1089.9494936611666"
"1050.0_24450.0","1150.0_24350.0","1.4142136","141.4213562373095"
"29550.0_4050.0","31050.0_5050.0","19.142136","1914.213562373095"
"17750.0_20750.0","19150.0_17650.0","36.798990399999994","3679.898987322333"
"26950.0_3450.0","28050.0_4750.0","17.5563496","1755.6349186104046"
"2150.0_50350.0","3750.0_51050.0","18.8994952","1889.9494936611666"
"39850.0_24650.0","42650.0_24750.0","30.071068","3007.106781186548"
"3850.0_53950.0","4850.0_52050.0","23.142136","2314.213562373095"
"31850.0_29650.0","36950.0_32550.0","72.28427199999994","7228.42712474619"
"250.0_27250.0","1050.0_24450.0","31.3137088","3131.370849898476"
"1150.0_49150.0","3650.0_51050.0","32.870058400000005","3287.0057685088805"
"4250.0_48850.0","4750.0_50350.0","17.071068","1707.1067811865476"
"21750.0_54350.0","22950.0_53750.0","15.6568544","1565.685424949238"
"7150.0_28950.0","10950.0_31250.0","76.59798079999993","7259.797974644666"
"21750.0_40450.0","22650.0_36450.0","43.72792239999997","4372.792206135786"
"31150.0_10650.0","34950.0_10150.0","40.071068","4007.106781186548"
"12250.0_51050.0","13550.0_51950.0","16.7279224","1672.7922061357856"
"45350.0_49150.0","47050.0_47250.0","26.0416312","2604.1630560342614"
"49850.0_33350.0","51650.0_34450.0","22.5563496","2255.6349186104044"
"56050.0_45950.0","57450.0_44450.0","22.5563496","2255.6349186104044"
"46750.0_19950.0","49150.0_17850.0","35.0416312","3504.163056034262"
"51350.0_5950.0","53850.0_3950.0","43.62741759999999","4362.741699796952"
"250.0_27250.0","550.0_23850.0","35.24264079999999","3524.2640687119283"
"18950.0_36650.0","24750.0_38250.0","67.94112639999997","6794.112549695428"
"3850.0_16350.0","3950.0_16450.0","1.4142136","141.4213562373095"
"21350.0_34850.0","22650.0_36450.0","24.3137088","2431.370849898476"
"46650.0_11750.0","49250.0_12150.0","80.87005839999999","3272.792206135786"
"550.0_23850.0","1150.0_24350.0","8.071068","807.1067811865476"
"44050.0_12550.0","44950.0_13750.0","15.7279224","1572.7922061357856"
"11150.0_57750.0","14550.0_54850.0","62.355339999999956","6235.533905932738"
"1150.0_49150.0","3750.0_51050.0","33.870058400000005","3387.0057685088805"
"34950.0_4050.0","35950.0_3050.0","14.142136","1414.213562373095"
"54050.0_12650.0","56250.0_12650.0","69.11269919999997","6911.269837220809"
"8350.0_31950.0","11550.0_34650.0","46.355339999999984","4635.533905932738"
"34250.0_7150.0","35050.0_10050.0","32.3137088","3231.370849898476"
"13750.0_43550.0","14050.0_42150.0","15.2426408","1524.2640687119285"
"21650.0_35050.0","22650.0_36450.0","21.071068","2107.106781186548"
"20050.0_54250.0","20150.0_54150.0","1.4142136","141.4213562373095"
"30150.0_30550.0","34750.0_31350.0","49.313708799999986","4931.370849898476"
"2350.0_50650.0","3450.0_51550.0","19.3137088","1931.370849898476"
"2150.0_50350.0","3650.0_51050.0","17.8994952","1789.9494936611666"
"39850.0_24650.0","40650.0_24150.0","10.071068","1007.1067811865476"
"7350.0_24850.0","8250.0_26850.0","24.3137088","2431.370849898476"
"46750.0_19950.0","46850.0_18450.0","16.2426408","1624.2640687119285"
"7050.0_28950.0","12050.0_34350.0","87.9827575999999","8798.27560572969"
"33650.0_13250.0","41050.0_11150.0","84.45584479999994","8445.584412271572"
"48650.0_51350.0","48850.0_50850.0","11.2426408","724.2640687119285"
"11150.0_57750.0","12950.0_52550.0","59.45584479999995","5945.584412271572"
"50050.0_10450.0","50350.0_9050.0","15.2426408","1524.2640687119285"
"38050.0_56950.0","38350.0_54750.0","23.2426408","2324.2640687119283"
"49750.0_32850.0","49850.0_33250.0","22.071068","441.4213562373095"
"57350.0_47450.0","57450.0_47450.0","1.0","100.0"
"51350.0_33850.0","51650.0_34450.0","7.2426408","724.2640687119285"
"50050.0_8850.0","50350.0_9050.0","3.8284272","382.842712474619"
"31350.0_10050.0","34250.0_7150.0","63.112699199999966","6311.26983722081"
"9750.0_49450.0","11450.0_48850.0","19.4852816","1948.528137423857"
"3250.0_41350.0","3650.0_41150.0","4.8284272","482.842712474619"
"34250.0_7150.0","34550.0_6650.0","6.8284272","682.842712474619"
"17650.0_41450.0","17950.0_40950.0","31.213204","624.2640687119285"
"47350.0_32050.0","47450.0_32150.0","1.4142136","141.4213562373095"
"44050.0_12550.0","44350.0_12750.0","3.8284272","382.842712474619"
"3050.0_50450.0","3550.0_48650.0","21.7279224","2172.792206135786"
"7050.0_28950.0","7350.0_34650.0","63.21320399999996","6321.320343559643"
"6350.0_24750.0","10050.0_23950.0","41.142135999999994","4114.213562373096"
"38950.0_20350.0","39850.0_19450.0","13.3137088","1331.370849898476"
"30150.0_30550.0","36950.0_32250.0","75.87005839999995","7587.005768508881"
"12450.0_57450.0","12750.0_56950.0","10.8284272","682.842712474619"
"17750.0_20750.0","20750.0_19250.0","36.21320399999999","3621.3203435596424"
"3750.0_22350.0","4450.0_20750.0","18.8994952","1889.9494936611666"
"39750.0_54050.0","40950.0_53750.0","66.21320399999999","1324.2640687119285"
"47650.0_37550.0","48250.0_35050.0","27.4852816","2748.528137423857"
"57150.0_59350.0","57950.0_56450.0","32.3137088","3231.370849898476"
"43450.0_40650.0","44150.0_41450.0","10.8994952","1089.9494936611666"
"51050.0_38450.0","51450.0_38750.0","5.2426408","524.2640687119285"
"11950.0_10550.0","13650.0_9350.0","21.9705632","2197.056274847714"
"14750.0_50450.0","15050.0_50350.0","3.4142136","341.4213562373095"
"46050.0_19250.0","47350.0_17250.0","26.5563496","2655.6349186104044"
"9750.0_49450.0","11250.0_49650.0","16.6568544","1665.685424949238"
"9850.0_19950.0","11750.0_20050.0","21.071068","2107.106781186548"
"44250.0_53550.0","45950.0_53950.0","18.6568544","1865.685424949238"
"38950.0_12850.0","41050.0_11150.0","28.0416312","2804.163056034262"
"30550.0_31250.0","36950.0_32550.0","71.87005839999995","7187.0057685088805"
"18750.0_17950.0","21150.0_22650.0","56.941126399999945","5694.112549695428"
"7250.0_22950.0","8450.0_21950.0","16.142136","1614.213562373095"
"38550.0_12950.0","41050.0_11150.0","32.4558448","3245.584412271571"
"14150.0_36150.0","23750.0_41650.0","119.9533207999999","11995.331880577403"
"9850.0_19950.0","11950.0_21250.0","26.3847768","2638.477631085024"
"55950.0_28350.0","56850.0_28050.0","10.2426408","1024.2640687119285"
"10350.0_56150.0","14550.0_54850.0","53.18376719999998","5318.376618407357"
"16250.0_10650.0","17350.0_11150.0","57.899495200000004","2189.9494936611663"
"50350.0_5450.0","51250.0_6350.0","12.7279224","1272.7922061357856"
"1550.0_13050.0","3850.0_19850.0","87.2253983999999","8722.53967444162"
"52850.0_14550.0","53550.0_13450.0","13.8994952","1389.9494936611666"
"58150.0_58950.0","58750.0_56650.0","26.3137088","2631.370849898476"
"27650.0_24350.0","29750.0_22750.0","27.6274176","2762.741699796952"
"49050.0_12750.0","51350.0_12550.0","23.8284272","2382.842712474619"
"51350.0_10550.0","55950.0_12750.0","80.04163119999997","8004.163056034262"
"5450.0_29450.0","8350.0_31950.0","39.355339999999984","3935.5339059327375"
"18350.0_21550.0","21150.0_22650.0","41.04163119999998","4104.163056034262"
"7950.0_1850.0","8950.0_950.0","16.6568544","1665.685424949238"
"47650.0_37550.0","51150.0_39050.0","41.213203999999976","4121.320343559642"
"16850.0_12050.0","18650.0_11550.0","20.071068","2007.1067811865476"
"3750.0_51050.0","4750.0_50350.0","12.8994952","1289.9494936611666"
"1550.0_30750.0","2150.0_30650.0","6.4142136","641.4213562373095"
"15850.0_6850.0","16950.0_7550.0","13.8994952","1389.9494936611666"
"2150.0_50350.0","4250.0_48850.0","27.213204","2721.3203435596424"
"8750.0_48650.0","9750.0_49450.0","13.3137088","1331.370849898476"
"26850.0_23750.0","28750.0_25550.0","32.213204000000005","3221.320343559643"
"11150.0_57750.0","12250.0_51050.0","74.87005839999995","7487.0057685088805"
"10550.0_34050.0","11650.0_36250.0","27.3847768","2738.477631085024"
"16050.0_6750.0","16950.0_7550.0","12.3137088","1231.370849898476"
"35550.0_10750.0","38150.0_9950.0","38.97056319999999","3897.056274847714"
"19150.0_17650.0","21250.0_22450.0","56.698485599999955","5669.8484809835"
"46050.0_19250.0","50350.0_19350.0","49.213203999999976","4921.320343559642"
"12350.0_15150.0","14950.0_11850.0","49.04163119999998","4904.163056034262"
"49050.0_3550.0","51350.0_5950.0","39.97056319999999","3997.056274847714"
"9950.0_59150.0","11050.0_58450.0","14.4852816","1448.528137423857"
"13550.0_51950.0","14550.0_54850.0","40.698485599999984","4069.8484809834995"
"11950.0_59250.0","12450.0_59950.0","13.071068","907.1067811865476"
"5450.0_29450.0","11450.0_36450.0","94.85281599999985","9485.281374238572"
"42950.0_47950.0","44750.0_48950.0","22.142136","2214.213562373095"
"18950.0_36650.0","21650.0_35050.0","65.87005839999995","6587.0057685088805"
"46950.0_29950.0","48650.0_31850.0","26.0416312","2604.1630560342614"
"42950.0_47950.0","44450.0_48850.0","18.7279224","1872.7922061357856"
"13550.0_43450.0","14050.0_42150.0","15.071068","1507.1067811865476"
"16050.0_5650.0","16550.0_5150.0","21.071068","824.2640687119285"
"6550.0_35850.0","6750.0_35350.0","13.8284272","582.842712474619"
"48950.0_51850.0","50450.0_50550.0","20.3847768","2038.4776310850236"
"8050.0_30250.0","10150.0_35050.0","57.526912799999934","5752.6911934581185"
"56050.0_45950.0","57350.0_47450.0","20.3847768","2038.4776310850236"
"12350.0_15150.0","14550.0_11850.0","49.04163119999998","4904.163056034262"
"56250.0_4550.0","57350.0_5550.0","15.142136","1514.213562373095"
"18950.0_36650.0","21350.0_34850.0","67.59798079999999","4662.741699796952"
"27050.0_15550.0","28350.0_13950.0","21.3847768","2138.477631085024"
"54050.0_12650.0","55950.0_9250.0","41.87005839999998","4187.0057685088805"
"35550.0_10750.0","40950.0_10850.0","58.556349599999976","5855.634918610404"
"3650.0_51050.0","4750.0_50350.0","13.8994952","1389.9494936611666"
"1150.0_49150.0","4250.0_48850.0","35.55634959999999","3555.634918610405"
"7450.0_32250.0","11650.0_36250.0","59.74011679999994","5974.011537017761"
"2250.0_22050.0","2750.0_21950.0","27.071068","541.4213562373095"
"14750.0_50450.0","16350.0_49950.0","18.071068","1807.1067811865476"
"28950.0_47750.0","29250.0_47050.0","8.2426408","824.2640687119285"
"22650.0_36450.0","24750.0_38250.0","43.7279224","4372.792206135786"
"52050.0_7050.0","53050.0_7850.0","13.3137088","1331.370849898476"
"10250.0_44450.0","10350.0_45150.0","37.071068","741.4213562373095"
"12350.0_15150.0","14250.0_14950.0","25.142136","2514.2135623730956"
"18950.0_36650.0","21750.0_40450.0","50.42640799999997","5042.640687119285"
"31150.0_10650.0","35650.0_9050.0","51.62741759999996","5162.741699796952"
"27850.0_12350.0","28350.0_13950.0","19.7279224","1972.7922061357856"
"1850.0_57850.0","4150.0_57450.0","24.6568544","2465.685424949238"
"42050.0_4550.0","42750.0_4450.0","7.4142136","741.4213562373095"
"30150.0_30550.0","34450.0_33650.0","62.28427199999996","6228.42712474619"
"40450.0_25750.0","40450.0_25950.0","2.0","200.0"
"14850.0_9150.0","16950.0_7550.0","28.7989904","2879.8989873223327"
"150.0_4550.0","1850.0_50.0","52.041631199999955","5204.163056034262"
"28950.0_47750.0","28950.0_48950.0","17.3137088","1731.370849898476"
"31850.0_29650.0","31950.0_29750.0","1.4142136","141.4213562373095"
"33650.0_10150.0","34250.0_7150.0","37.21320399999999","3721.320343559643"
"39550.0_17150.0","39750.0_17650.0","29.142136","582.842712474619"
"38250.0_48550.0","38450.0_47950.0","34.142136","682.842712474619"
"56650.0_28350.0","56850.0_28050.0","4.4142136","441.4213562373095"
"51250.0_6350.0","52050.0_2750.0","41.798990399999994","4179.898987322333"
"13750.0_36250.0","21750.0_40450.0","103.49747599999992","10349.747468305834"
"50350.0_19350.0","50750.0_18550.0","9.6568544","965.685424949238"
"15550.0_5150.0","15650.0_5050.0","6.0","200.0"
"15550.0_5150.0","15650.0_5250.0","6.0","200.0"
"18450.0_5950.0","18650.0_4850.0","11.8284272","1182.842712474619"
"5450.0_29450.0","8950.0_34950.0","69.4974759999999","6949.747468305833"
"11550.0_34650.0","11650.0_36250.0","20.3137088","2031.370849898476"
"11850.0_6450.0","11950.0_6450.0","5.0","100.0"
"7350.0_34650.0","10150.0_35050.0","29.6568544","2965.685424949238"
"41650.0_5050.0","42050.0_6050.0","11.6568544","1165.685424949238"
"30550.0_31250.0","34650.0_33650.0","58.698485599999955","5869.848480983499"
"56250.0_26150.0","56850.0_28050.0","21.4852816","2148.528137423857"
"43450.0_45550.0","43550.0_45450.0","6.0","200.0"
"57550.0_47450.0","57650.0_48150.0","52.3847768","1224.2640687119285"
"3050.0_55650.0","3550.0_54550.0","29.8994952","1307.1067811865476"
"7250.0_23150.0","10050.0_23950.0","31.3137088","3131.370849898476"
"38250.0_31650.0","39450.0_31250.0","13.6568544","1365.685424949238"
"43850.0_39350.0","44850.0_38750.0","50.284272","1648.528137423857"
"57250.0_46050.0","58450.0_46850.0","23.071068","2307.106781186548"
"13750.0_36250.0","21350.0_34850.0","121.25483519999996","10028.42712474619"
"27050.0_5350.0","27250.0_6350.0","17.071068","1224.2640687119285"
"31850.0_29650.0","33050.0_31450.0","31.3137088","3131.370849898476"
"18450.0_4050.0","18450.0_5950.0","19.0","1900.0"
"14450.0_37850.0","23750.0_41650.0","110.15433039999986","11015.43289325507"
"10150.0_35050.0","12050.0_34350.0","21.8994952","2189.9494936611663"
"39850.0_8950.0","41050.0_11150.0","26.9705632","2697.056274847714"
"13750.0_36250.0","21650.0_35050.0","119.52691279999993","11952.69119345812"
"20950.0_21750.0","21250.0_22450.0","8.2426408","824.2640687119285"
"47350.0_31550.0","48550.0_30350.0","16.9705632","1697.0562748477141"
"38850.0_29350.0","39450.0_31250.0","21.4852816","2148.528137423857"
"43150.0_13950.0","44350.0_12750.0","16.9705632","1697.0562748477141"
"18550.0_13350.0","18950.0_13250.0","9.0","500.0"
"26850.0_23750.0","27650.0_24350.0","10.4852816","1048.528137423857"
"34150.0_4050.0","34950.0_4150.0","14.4142136","1041.4213562373095"
"28050.0_49950.0","28950.0_47750.0","25.7279224","2572.792206135786"
"8250.0_26950.0","8650.0_27150.0","22.3847768","624.2640687119285"
"4750.0_56550.0","5450.0_56650.0","7.4142136","741.4213562373095"
"2050.0_45650.0","3050.0_47450.0","22.142136","2214.213562373095"
"26750.0_15450.0","27950.0_12550.0","33.9705632","3397.056274847714"
"7250.0_13650.0","7550.0_15950.0","24.2426408","2424.2640687119283"
"12150.0_51150.0","14550.0_54850.0","46.94112639999997","4694.112549695428"
"28150.0_29850.0","28550.0_29650.0","22.3847768","624.2640687119285"
"38050.0_31550.0","38850.0_29350.0","25.3137088","2531.370849898476"
"38150.0_19750.0","38950.0_20350.0","10.4852816","1048.528137423857"
"22650.0_50450.0","22850.0_50450.0","8.0","400.0"
"8250.0_26850.0","8350.0_26850.0","1.0","100.0"
"15650.0_5150.0","16150.0_5350.0","6.4142136","641.4213562373095"
"26550.0_31350.0","26650.0_31450.0","1.4142136","141.4213562373095"
"38050.0_31550.0","38250.0_31650.0","2.4142136","241.4213562373095"
"5750.0_16450.0","6450.0_15150.0","47.55634959999999","2189.9494936611663"
"11850.0_10550.0","12350.0_9950.0","14.071068","1007.1067811865476"
"3850.0_22350.0","4950.0_22250.0","53.798990399999994","1365.685424949238"
"37950.0_30550.0","38350.0_31750.0","13.6568544","1365.685424949238"
"37750.0_20550.0","39750.0_19350.0","24.9705632","2497.056274847714"
"51350.0_10550.0","56050.0_11550.0","67.62741759999997","6762.741699796952"
"14050.0_42150.0","14950.0_42850.0","12.4852816","1248.528137423857"
"3550.0_20550.0","3750.0_22350.0","19.6568544","1965.685424949238"
"7250.0_13650.0","7750.0_14350.0","9.071068","907.1067811865476"
"47350.0_17250.0","50750.0_18550.0","43.48528159999999","4348.528137423857"
"29550.0_4050.0","30750.0_5050.0","18.7279224","1872.7922061357856"
"18450.0_9050.0","19850.0_9050.0","70.0","1400.0"
"44550.0_48150.0","47050.0_47250.0","28.7279224","2872.792206135786"
"47550.0_36150.0","51450.0_38750.0","49.769553599999966","4976.955262170047"
"13650.0_9350.0","16450.0_8950.0","33.899495200000004","3389.9494936611663"
"18950.0_13250.0","20350.0_13250.0","37.213204000000005","1707.1067811865476"
"21650.0_35050.0","22450.0_41050.0","63.31370879999997","6331.370849898476"
"28750.0_25550.0","29750.0_22750.0","33.3137088","3331.370849898477"
"3550.0_51550.0","3650.0_51150.0","22.071068","441.4213562373095"
"1650.0_51950.0","4850.0_52050.0","32.4142136","3241.4213562373097"
"49550.0_35750.0","51450.0_38750.0","38.455844799999994","3845.5844122715707"
"18850.0_10450.0","19450.0_12850.0","50.3847768","3272.7922061357854"
"28650.0_25450.0","29550.0_22750.0","30.7279224","3072.792206135786"
"2150.0_30650.0","3350.0_26750.0","43.97056319999997","4397.056274847714"
"37850.0_54650.0","39850.0_57050.0","34.0416312","3404.163056034262"
"21350.0_34850.0","22450.0_41050.0","66.55634959999996","6655.634918610404"
"11150.0_57750.0","12650.0_56950.0","18.3137088","1831.370849898476"
"55150.0_8750.0","55950.0_9250.0","10.071068","1007.1067811865476"
"35550.0_10750.0","39850.0_8850.0","57.012194399999984","5701.219330881975"
"11750.0_6450.0","13650.0_9350.0","36.87005839999999","3687.0057685088805"
"3050.0_44150.0","3250.0_41350.0","28.8284272","2882.842712474619"
"5550.0_20250.0","6150.0_19250.0","65.35533999999998","1307.1067811865476"
"21750.0_40450.0","22450.0_41050.0","9.4852816","948.5281374238571"
"26950.0_3450.0","26950.0_5250.0","18.0","1800.0"
"3050.0_50450.0","3650.0_48550.0","22.3137088","2231.370849898476"
"7050.0_28950.0","8050.0_30250.0","25.2426408","2524.2640687119283"
"42050.0_4550.0","42450.0_6250.0","18.6568544","1865.685424949238"
"14750.0_50450.0","16650.0_49950.0","21.071068","2107.106781186548"
"11950.0_6550.0","13650.0_9350.0","35.0416312","3504.1630560342614"
"48650.0_51250.0","48950.0_51850.0","7.8284272","782.842712474619"
"50850.0_18550.0","51150.0_18350.0","8.4142136","441.4213562373095"
"57350.0_53550.0","57750.0_54450.0","53.28427199999999","1065.685424949238"
"39250.0_9450.0","39750.0_8950.0","11.6568544","765.685424949238"
"12150.0_51150.0","12250.0_51050.0","1.4142136","141.4213562373095"
"42650.0_5950.0","42750.0_4450.0","15.4142136","1541.4213562373095"
"7250.0_22950.0","8250.0_26850.0","43.14213599999998","4314.213562373095"
"13750.0_36250.0","24750.0_38250.0","121.59798079999992","12159.797974644667"
"38350.0_31750.0","39450.0_31250.0","13.071068","1307.1067811865476"
"42450.0_6250.0","43350.0_5450.0","12.8994952","1289.9494936611666"
"51350.0_10550.0","57350.0_10150.0","64.97056319999997","6497.056274847714"
"47350.0_32050.0","48650.0_31850.0","13.8284272","1382.842712474619"
"1150.0_14650.0","3850.0_19850.0","71.32590319999993","7132.590180780451"
"28350.0_53450.0","28550.0_52550.0","49.142136","982.842712474619"
"51150.0_39050.0","51450.0_38650.0","5.2426408","524.2640687119285"
"17550.0_44450.0","18350.0_42350.0","24.3137088","2431.370849898476"
"20250.0_48550.0","20950.0_49250.0","49.49747599999999","989.9494936611666"
"43850.0_39450.0","44350.0_41450.0","22.071068","2207.106781186548"
"7450.0_32250.0","8350.0_31950.0","10.2426408","1024.2640687119285"
"26750.0_22150.0","29550.0_22750.0","30.4852816","3048.528137423857"
"17750.0_20750.0","20950.0_21750.0","36.142135999999994","3614.213562373095"
"33850.0_13450.0","39850.0_8850.0","84.32590319999991","8432.590180780451"
"8350.0_31950.0","10550.0_34050.0","33.870058400000005","3387.0057685088805"
"40450.0_25950.0","42350.0_24550.0","25.3847768","2538.477631085024"
"16850.0_12050.0","19550.0_12850.0","33.6274176","3362.741699796953"
"6050.0_1450.0","8950.0_950.0","31.071068","3107.106781186548"
"10350.0_56150.0","12650.0_56950.0","26.3137088","2631.370849898476"
"14250.0_36350.0","23750.0_41650.0","117.5391071999999","11753.910524340095"
"48750.0_50.0","51350.0_5950.0","73.28427199999996","7328.427124746189"
"6350.0_24750.0","7350.0_26050.0","27.4852816","2748.528137423857"
"19050.0_53950.0","19750.0_53850.0","19.4142136","741.4213562373095"
"37950.0_30550.0","38850.0_29350.0","15.7279224","1572.7922061357856"
"57850.0_3750.0","58350.0_4650.0","11.071068","1107.1067811865476"
"51850.0_30250.0","52350.0_30750.0","7.071068","707.1067811865476"
"7350.0_24850.0","8450.0_21950.0","33.556349600000004","3355.6349186104044"
"27450.0_21050.0","29550.0_22750.0","28.0416312","2804.1630560342614"
"37950.0_30550.0","38250.0_31650.0","12.2426408","1224.2640687119285"
"38050.0_31550.0","38350.0_31750.0","3.8284272","382.842712474619"
"38650.0_20550.0","38950.0_20350.0","3.8284272","382.842712474619"
"4750.0_56550.0","6950.0_57450.0","25.7279224","2572.792206135786"
"12650.0_56950.0","13550.0_51950.0","55.4852816","5548.5281374238575"
"16850.0_30850.0","18550.0_32050.0","24.8994952","2489.9494936611663"
"1750.0_51550.0","3450.0_51550.0","18.6568544","1865.685424949238"
"14450.0_42050.0","15350.0_43650.0","20.3137088","2031.370849898476"
"12150.0_51150.0","12950.0_52550.0","17.3137088","1731.370849898476"
"10550.0_34050.0","11450.0_36450.0","28.5563496","2855.6349186104044"
"11050.0_58450.0","11950.0_59250.0","12.3137088","1231.370849898476"
"3050.0_44150.0","6050.0_42050.0","39.28427199999999","3928.42712474619"
"19950.0_9050.0","21950.0_8550.0","22.071068","2207.106781186548"
"26550.0_31350.0","28150.0_30350.0","20.142136","2014.213562373095"
"8950.0_34950.0","11550.0_34650.0","27.2426408","2724.2640687119283"
"5450.0_29450.0","11650.0_36250.0","93.68124319999986","9368.12408671319"
"9950.0_59150.0","12450.0_59950.0","28.3137088","2831.370849898476"
"48250.0_35050.0","51450.0_38650.0","50.42640799999997","5042.640687119285"
"21350.0_37950.0","23750.0_41650.0","46.94112639999997","4694.112549695428"
"3650.0_20550.0","3950.0_19850.0","38.8284272","1082.842712474619"
"27750.0_47950.0","29250.0_47050.0","18.7279224","1872.7922061357856"
"26750.0_15450.0","28350.0_13950.0","22.213204","2221.3203435596424"
"43150.0_13950.0","44950.0_13750.0","18.8284272","1882.842712474619"
"42950.0_14350.0","44750.0_14450.0","20.8994952","2089.9494936611663"
"48550.0_8350.0","50050.0_9950.0","22.7989904","2279.898987322333"
"55150.0_8750.0","56250.0_12650.0","44.38477679999997","4438.477631085024"
"30550.0_31250.0","33050.0_31450.0","30.8994952","3089.9494936611663"
"14450.0_48850.0","14750.0_50450.0","24.7989904","2479.898987322333"
"22450.0_41050.0","24750.0_38250.0","38.112699199999994","3811.269837220809"
"46050.0_19250.0","48750.0_18650.0","29.4852816","2948.528137423857"
"49050.0_34250.0","51650.0_34450.0","26.8284272","2682.842712474619"
"30550.0_31250.0","31950.0_29750.0","20.7989904","2079.898987322333"
"46950.0_29950.0","47450.0_32150.0","24.071068","2407.106781186548"
"3650.0_41150.0","4650.0_40850.0","11.2426408","1124.2640687119285"
"7450.0_32250.0","11450.0_36450.0","60.91168959999993","6091.168824543142"
"46050.0_19250.0","49150.0_17650.0","39.97056319999999","3997.056274847714"
"31850.0_29650.0","34650.0_33650.0","59.11269919999995","5911.26983722081"
"1150.0_47050.0","1150.0_47650.0","25.7989904","965.685424949238"
"59550.0_46450.0","59750.0_46450.0","10.0","200.0"
"14150.0_36150.0","14250.0_36350.0","2.4142136","241.4213562373095"
"51450.0_5950.0","51650.0_6450.0","27.3847768","724.2640687119285"
"20750.0_19250.0","20950.0_21750.0","29.9705632","2997.056274847714"
"58250.0_50650.0","58550.0_51350.0","8.2426408","824.2640687119285"
"9950.0_59150.0","11950.0_59250.0","20.4142136","2041.4213562373095"
"7250.0_22950.0","7350.0_24850.0","19.4142136","1941.4213562373095"
"12550.0_13950.0","16250.0_14250.0","38.24264079999999","3824.2640687119283"
"11450.0_36450.0","11650.0_36250.0","2.8284272","282.842712474619"
"47450.0_32150.0","48650.0_31850.0","13.2426408","1324.2640687119285"
"12650.0_56950.0","14550.0_54850.0","48.14213599999998","4814.213562373096"
"11050.0_58450.0","12450.0_59950.0","25.3847768","2138.477631085024"
"15050.0_50350.0","16650.0_49950.0","17.6568544","1765.685424949238"
"14450.0_48850.0","16350.0_49950.0","24.3847768","2438.477631085024"
"26450.0_14050.0","26950.0_15550.0","29.6568544","2565.685424949238"
"22450.0_41050.0","22650.0_36450.0","46.82842719999999","4682.8427124746195"
"5450.0_29450.0","10550.0_34050.0","70.05382559999991","7005.382386916237"
"6050.0_1450.0","7950.0_1850.0","20.6568544","2065.685424949238"
"11950.0_6550.0","11950.0_10550.0","44.14213599999998","4414.213562373096"
"15650.0_5150.0","18450.0_5950.0","32.142136","3214.2135623730956"
"30750.0_5050.0","31050.0_5050.0","3.0","300.0"
"38150.0_3050.0","38750.0_3450.0","38.284272","765.685424949238"
"46450.0_5050.0","47050.0_4550.0","21.2426408","924.2640687119285"
"2050.0_45650.0","3050.0_44450.0","25.5563496","2555.6349186104044"
"23050.0_14050.0","23950.0_13550.0","11.071068","1107.1067811865476"
"30050.0_9250.0","31050.0_7750.0","19.142136","1914.213562373095"
"16150.0_5350.0","18650.0_4850.0","27.071068","2707.106781186548"
"48750.0_18650.0","50350.0_19350.0","19.7279224","1972.7922061357856"
"26750.0_15450.0","27850.0_12350.0","35.55634959999999","3555.6349186104044"
"5450.0_29450.0","7450.0_32250.0","37.112699199999994","3711.269837220809"
"3050.0_44250.0","7050.0_43450.0","43.31370879999997","4331.370849898476"
"49150.0_17650.0","50350.0_19350.0","21.9705632","2197.056274847714"
"26950.0_5250.0","28050.0_4750.0","13.071068","1307.1067811865476"
"7850.0_54050.0","8750.0_53350.0","55.6984856","1307.1067811865476"
"1150.0_14650.0","1550.0_13050.0","17.6568544","1765.685424949238"
"55950.0_12750.0","57350.0_10150.0","31.7989904","3179.8989873223336"
"38650.0_20550.0","39850.0_19450.0","16.5563496","1655.6349186104046"
"27750.0_47950.0","28950.0_47750.0","12.8284272","1282.842712474619"
"31250.0_26950.0","32350.0_27750.0","14.3137088","1431.370849898476"
"1650.0_51950.0","3850.0_53950.0","32.0416312","3204.1630560342614"
"16550.0_33350.0","16950.0_32750.0","30.3847768","1107.1067811865476"
"29950.0_30650.0","30450.0_31250.0","19.4852816","1065.685424949238"
"26750.0_15450.0","27050.0_15550.0","3.4142136","341.4213562373095"
"8250.0_26850.0","8450.0_21950.0","50.6568544","5065.685424949239"
"44550.0_48150.0","45350.0_49150.0","13.3137088","1331.370849898476"
"55850.0_28250.0","56650.0_28350.0","8.4142136","841.4213562373095"
"13750.0_43550.0","14950.0_42850.0","14.8994952","1489.9494936611666"
"53150.0_7850.0","55150.0_8650.0","86.08326239999998","2331.370849898476"
"53150.0_7650.0","55150.0_8650.0","89.39697119999998","2414.213562373095"
"28250.0_29450.0","28550.0_29650.0","8.4142136","441.4213562373095"
"1250.0_47050.0","2050.0_45650.0","17.3137088","1731.370849898476"
"55850.0_28250.0","56250.0_26150.0","22.6568544","2265.685424949238"
"7350.0_26050.0","10050.0_23950.0","43.556349599999976","4355.634918610404"
"16150.0_5350.0","18450.0_4050.0","28.3847768","2838.477631085024"
"11150.0_57750.0","12150.0_51150.0","74.28427199999996","7428.427124746192"
"4950.0_41350.0","7050.0_43450.0","50.97056319999999","5097.056274847715"
"33050.0_31450.0","36950.0_32550.0","43.556349599999976","4355.634918610404"
"31950.0_29750.0","36950.0_32550.0","71.69848559999994","7169.8484809835"
"47650.0_37550.0","51450.0_38650.0","42.556349599999976","4255.634918610404"
"750.0_53150.0","1650.0_51550.0","58.84062159999999","2255.6349186104044"
"48650.0_51250.0","50450.0_50550.0","20.8994952","2089.9494936611663"
"47350.0_17250.0","49150.0_17650.0","31.071068","3107.106781186548"
"650.0_53150.0","1550.0_54050.0","12.7279224","1272.7922061357856"
"18650.0_11550.0","19550.0_12850.0","19.3137088","1931.370849898476"
"8750.0_19850.0","9150.0_19350.0","11.2426408","724.2640687119285"
"13750.0_36250.0","22650.0_36450.0","108.01219439999994","10801.219330881977"
"47350.0_17250.0","48750.0_18650.0","23.8994952","2389.9494936611663"
"17850.0_36850.0","18850.0_36650.0","17.071068","1307.1067811865476"
"28150.0_46950.0","29350.0_48750.0","27.6568544","2765.685424949238"
"14450.0_41950.0","14850.0_42050.0","10.4142136","641.4213562373095"
"8350.0_31950.0","11650.0_36250.0","57.49747599999995","5749.7474683058335"
"42050.0_4550.0","42650.0_5950.0","16.4852816","1648.528137423857"
"14450.0_48850.0","15050.0_50350.0","21.3847768","2138.477631085024"
"16350.0_49950.0","16650.0_49950.0","3.0","300.0"
"14150.0_36150.0","21350.0_37950.0","80.04163119999996","8004.163056034262"
"49050.0_34250.0","51350.0_33850.0","24.6568544","2465.685424949238"
"48750.0_50.0","49050.0_3550.0","48.04163119999997","4804.163056034262"
"33650.0_10150.0","35050.0_10050.0","14.4142136","1441.4213562373095"
"39750.0_26150.0","40350.0_25750.0","38.284272","765.685424949238"
"46950.0_29950.0","47350.0_32050.0","22.6568544","2265.685424949238"
"3250.0_41350.0","4650.0_40850.0","16.071068","1607.1067811865476"
"34450.0_33650.0","34750.0_31350.0","24.2426408","2424.2640687119283"
"11050.0_57750.0","11050.0_58250.0","23.2426408","641.4213562373095"
"10350.0_56150.0","12150.0_51150.0","64.52691279999993","6452.6911934581185"
"6350.0_24750.0","7250.0_23150.0","22.3137088","2231.370849898476"
"18950.0_36650.0","22450.0_41050.0","58.497475999999935","5849.747468305833"
"42450.0_6250.0","42750.0_4450.0","19.2426408","1924.2640687119285"
"53650.0_13150.0","53950.0_12650.0","27.3137088","882.842712474619"
"31350.0_10050.0","33650.0_10150.0","26.4852816","2648.528137423857"
"2950.0_44150.0","3850.0_44850.0","21.6568544","1365.685424949238"
"43750.0_26850.0","44050.0_26250.0","23.8284272","782.842712474619"
"55950.0_12750.0","56050.0_11550.0","12.4142136","1241.4213562373095"
"49650.0_33350.0","50050.0_35050.0","18.6568544","1865.685424949238"
"50450.0_9050.0","50950.0_8050.0","54.6984856","1607.1067811865476"
"33650.0_10150.0","34550.0_6650.0","40.97056319999999","4097.056274847714"
"27950.0_7650.0","31050.0_7750.0","33.899495200000004","3389.9494936611663"
"38050.0_43650.0","38850.0_45950.0","27.142136","2714.2135623730956"
"49050.0_34250.0","49850.0_33350.0","12.3137088","1231.370849898476"
"3250.0_25250.0","3650.0_24950.0","24.6568544","782.842712474619"
"44550.0_55150.0","45650.0_54350.0","14.3137088","1431.370849898476"
"43150.0_13950.0","44050.0_12550.0","17.7279224","1772.7922061357856"
"34450.0_33650.0","36950.0_32250.0","30.7989904","3079.8989873223336"
"8950.0_5650.0","10850.0_6450.0","22.3137088","2231.370849898476"
"39850.0_8850.0","40950.0_10850.0","25.142136","2514.213562373095"
"7050.0_28950.0","10150.0_35050.0","74.66904879999994","7466.904755831214"
"33650.0_13250.0","39850.0_8950.0","82.15433039999992","8215.43289325507"
"54050.0_12650.0","55150.0_8750.0","43.556349599999976","4355.634918610404"
"42650.0_5950.0","43350.0_5450.0","9.071068","907.1067811865476"
"12250.0_51050.0","12650.0_56950.0","60.6568544","6065.685424949238"
"51850.0_30250.0","53550.0_30850.0","19.4852816","1948.528137423857"
"38150.0_9950.0","39850.0_8850.0","23.5563496","2355.6349186104044"
"36950.0_44350.0","38850.0_45950.0","25.6274176","2562.741699796952"
"13550.0_43450.0","14950.0_42850.0","16.4852816","1648.528137423857"
"38150.0_19750.0","39850.0_19450.0","18.2426408","1824.2640687119285"
"26850.0_23750.0","29750.0_22750.0","33.142136","3314.213562373095"
"6450.0_42650.0","7050.0_43450.0","10.4852816","1048.528137423857"
"34650.0_33650.0","36950.0_32550.0","27.5563496","2755.6349186104044"
"1550.0_30750.0","3350.0_26750.0","47.455844799999966","4745.584412271572"
"50350.0_5450.0","52050.0_2750.0","34.0416312","3404.163056034262"
"50050.0_8750.0","50950.0_8050.0","57.3137088","1482.842712474619"
"8350.0_31950.0","8950.0_34950.0","33.3137088","3331.370849898476"
"17350.0_11250.0","19550.0_12850.0","30.0416312","3004.1630560342614"
"50250.0_5450.0","50950.0_6450.0","17.4852816","1348.528137423857"
"38550.0_12950.0","39850.0_8950.0","45.38477679999997","4538.477631085024"
"55950.0_28350.0","56650.0_28350.0","7.0","700.0"
"37350.0_57150.0","37950.0_56450.0","42.5979808","948.5281374238571"
"14150.0_36150.0","14450.0_37850.0","18.2426408","1824.2640687119285"
"38950.0_12850.0","39850.0_8950.0","42.72792239999998","4272.792206135786"
"7350.0_24850.0","8350.0_26850.0","24.7279224","2472.792206135786"
"1950.0_50.0","2850.0_650.0","20.071068","1207.1067811865476"
"37450.0_43550.0","38050.0_46650.0","33.48528159999999","3348.528137423857"
"55950.0_28350.0","56250.0_26150.0","23.2426408","2324.2640687119283"
"1750.0_51550.0","2350.0_50650.0","11.4852816","1148.528137423857"
"47550.0_36150.0","51050.0_38450.0","44.52691279999998","4452.6911934581185"
"11950.0_10550.0","16450.0_8950.0","54.11269919999995","5411.269837220809"
"16550.0_43750.0","18250.0_42350.0","22.7989904","2279.8989873223336"
"27450.0_50050.0","29350.0_48750.0","24.3847768","2438.477631085024"
"48750.0_50.0","53850.0_3950.0","69.49747599999993","6949.747468305833"
"14850.0_9150.0","15850.0_6850.0","27.142136","2714.213562373095"
"5350.0_48150.0","5750.0_48250.0","22.071068","441.4213562373095"
"4650.0_40850.0","6050.0_42050.0","48.04163119999998","4804.163056034262"
"19150.0_17650.0","20950.0_21750.0","48.45584479999998","4845.584412271572"
"24650.0_53450.0","26850.0_55150.0","30.7989904","3079.8989873223336"
"3550.0_20550.0","4450.0_20750.0","12.6568544","1265.685424949238"
"14850.0_9150.0","16050.0_6750.0","28.9705632","2897.056274847714"
"46050.0_19250.0","50750.0_18550.0","49.899495200000004","4989.949493661167"
"8950.0_34950.0","11450.0_36450.0","34.142136","3414.213562373095"
"28050.0_49950.0","29250.0_47050.0","33.9705632","3397.056274847714"
"27650.0_24350.0","28750.0_25550.0","21.7279224","2172.792206135786"
"10550.0_34050.0","11550.0_34650.0","15.6568544","1565.685424949238"
"23450.0_14950.0","24650.0_14150.0","15.3137088","1531.370849898476"
"23450.0_14950.0","24450.0_15050.0","10.4142136","1041.4213562373095"
"14350.0_450.0","14350.0_1750.0","13.8284272","1382.842712474619"
"12850.0_59950.0","13250.0_59950.0","20.0","400.0"
"26450.0_9150.0","30850.0_7550.0","50.62741759999997","5062.741699796952"
"7450.0_32250.0","11550.0_34650.0","50.94112639999996","5094.112549695428"
"12150.0_51150.0","13550.0_51950.0","17.3137088","1731.370849898476"
"3550.0_48650.0","3650.0_48550.0","1.4142136","141.4213562373095"
"7350.0_34650.0","8050.0_30250.0","46.899495199999976","4689.949493661166"
"10650.0_13450.0","16250.0_14250.0","59.313708799999986","5931.370849898476"
"11750.0_6450.0","11950.0_10550.0","45.97056319999997","4597.056274847714"
"12650.0_56950.0","12950.0_52550.0","45.24264079999999","4524.264068711928"
"3050.0_44150.0","3650.0_41150.0","32.4852816","3248.528137423857"
"28950.0_48950.0","29250.0_47050.0","25.5563496","2555.6349186104044"
"24550.0_9450.0","25150.0_9350.0","26.3137088","782.842712474619"
"27050.0_53350.0","27250.0_53550.0","2.8284272","282.842712474619"
"24050.0_53050.0","26850.0_55150.0","37.28427199999999","3728.42712474619"
"49550.0_35750.0","51050.0_38450.0","33.213204000000005","3321.3203435596424"
"45750.0_53650.0","46850.0_53450.0","58.35534","1489.9494936611666"
"13750.0_36250.0","18950.0_36650.0","59.455844799999966","5945.584412271572"
"8050.0_30250.0","12050.0_34350.0","70.84062159999993","7084.0620433565955"
"11350.0_49650.0","11350.0_50450.0","40.0","800.0"
"21950.0_15750.0","21950.0_16350.0","12.0","800.0"
"11450.0_36550.0","13250.0_36250.0","81.48528160000001","2065.685424949238"
"9250.0_57350.0","11050.0_58250.0","101.142136","2748.528137423857"
"20150.0_48750.0","20250.0_48550.0","12.071068","241.4213562373095"
"55850.0_12550.0","55850.0_12750.0","8.0","400.0"
"57250.0_46050.0","57450.0_47450.0","17.3137088","1731.370849898476"
"49650.0_35750.0","49950.0_35050.0","41.213204000000005","824.2640687119285"
"42050.0_4550.0","42050.0_6050.0","15.0","1500.0"
"16650.0_49950.0","16750.0_49750.0","2.4142136","241.4213562373095"
"30050.0_9350.0","30250.0_9450.0","8.4142136","441.4213562373095"
"21350.0_37950.0","24750.0_38250.0","38.55634959999999","3855.6349186104044"
"31750.0_28650.0","31950.0_29650.0","53.071068","1141.4213562373095"
"12150.0_51150.0","12250.0_53150.0","20.4142136","2041.4213562373095"
"46750.0_19950.0","47350.0_17250.0","29.4852816","2948.528137423857"
"21850.0_8850.0","22050.0_8550.0","8.4142136","441.4213562373095"
"51850.0_30250.0","52250.0_29650.0","7.6568544","765.685424949238"
"51350.0_10650.0","51350.0_12450.0","31.3137088","2165.685424949238"
"11950.0_21150.0","12050.0_19750.0","34.213204000000005","1807.1067811865476"
"43450.0_40650.0","43850.0_39450.0","13.6568544","1365.685424949238"
"37850.0_54650.0","37950.0_56550.0","21.8994952","2189.9494936611663"
"18550.0_13350.0","18950.0_14150.0","46.142135999999994","1965.685424949238"
"7250.0_22950.0","10050.0_23950.0","32.142136","3214.213562373095"
"44550.0_55150.0","45650.0_53650.0","19.5563496","1955.6349186104046"
"46050.0_19250.0","46850.0_18450.0","13.3137088","1331.370849898476"
"7150.0_49350.0","7950.0_49250.0","21.8284272","982.842712474619"
"47550.0_36150.0","48250.0_35050.0","13.8994952","1389.9494936611666"
"32350.0_27750.0","32750.0_26950.0","9.6568544","965.685424949238"
"11750.0_6450.0","16950.0_7550.0","56.55634959999999","5655.634918610405"
"39850.0_8850.0","41050.0_11150.0","27.9705632","2797.056274847714"
"1750.0_51550.0","4850.0_52050.0","33.071068","3307.106781186548"
"15550.0_5150.0","15750.0_4350.0","14.8284272","1082.842712474619"
"18650.0_11550.0","18850.0_13250.0","17.8284272","1782.842712474619"
"50950.0_8050.0","51750.0_7250.0","16.4852816","1248.528137423857"
"3650.0_41150.0","4950.0_41350.0","13.8284272","1382.842712474619"
"3050.0_50450.0","4750.0_50350.0","17.4142136","1741.4213562373095"
"28150.0_46950.0","28950.0_47750.0","11.3137088","1131.370849898476"
"28050.0_4850.0","28450.0_4450.0","10.2426408","624.2640687119285"
"4950.0_27150.0","5150.0_27550.0","10.8284272","682.842712474619"
"38150.0_19750.0","39750.0_19350.0","17.6568544","1765.685424949238"
"15050.0_42850.0","15450.0_43650.0","16.2426408","1224.2640687119285"
"6350.0_24750.0","8450.0_21950.0","38.455844799999994","3845.584412271571"
"14950.0_42850.0","15350.0_43650.0","10.2426408","1024.2640687119285"
"48250.0_35050.0","49550.0_35750.0","15.8994952","1589.9494936611666"
"4050.0_57050.0","4150.0_57450.0","5.2426408","524.2640687119285"
"1650.0_2350.0","1850.0_50.0","23.8284272","2382.842712474619"
"37750.0_20550.0","38950.0_20350.0","12.8284272","1282.842712474619"
"48750.0_50.0","51250.0_6350.0","76.87005839999996","7687.0057685088805"
"37950.0_30550.0","39350.0_31450.0","17.7279224","1772.7922061357856"
"26750.0_15450.0","27950.0_12650.0","32.9705632","3297.056274847714"
"31950.0_26150.0","32350.0_27750.0","17.6568544","1765.685424949238"
"22450.0_41050.0","23750.0_41650.0","15.4852816","1548.528137423857"
"17050.0_32750.0","18550.0_32050.0","17.8994952","1789.9494936611666"
"16450.0_8950.0","16950.0_7550.0","16.071068","1607.1067811865476"
"7050.0_28950.0","11450.0_36450.0","94.0538255999999","9405.382386916239"
"10950.0_6450.0","11750.0_6350.0","21.142136","1065.685424949238"
"12450.0_15150.0","13250.0_16150.0","50.142135999999994","1565.685424949238"
"7350.0_24850.0","7350.0_26050.0","17.071068","1707.1067811865476"
"46750.0_19950.0","50350.0_19350.0","46.28427199999997","4628.427124746191"
"47550.0_36150.0","51150.0_39050.0","48.01219439999997","4801.219330881976"
"29550.0_4050.0","31550.0_2650.0","25.7989904","2579.8989873223336"
"14450.0_37850.0","21350.0_34850.0","109.97056319999997","10997.056274847715"
"14450.0_37850.0","21650.0_35050.0","106.72792239999998","10672.792206135788"
"30550.0_31250.0","34750.0_31350.0","44.89949519999999","4489.949493661166"
"13750.0_36250.0","23750.0_41650.0","122.9533207999999","12295.331880577403"
"3550.0_48650.0","3750.0_51050.0","24.8284272","2482.842712474619"
"18950.0_14150.0","20350.0_13250.0","66.35534","2372.792206135786"
"14450.0_37850.0","21750.0_40450.0","90.69848559999993","9069.848480983499"
"31850.0_29650.0","36950.0_32250.0","71.87005839999995","7187.005768508881"
"37050.0_58050.0","39250.0_59050.0","26.142136","2614.213562373095"
"29050.0_10650.0","30250.0_9450.0","36.7279224","2472.792206135786"
"7050.0_28950.0","8350.0_31950.0","36.213204000000005","3621.320343559643"
"27750.0_47950.0","29350.0_48750.0","19.3137088","1931.370849898476"
"1550.0_13050.0","3950.0_16450.0","67.11269919999997","6711.269837220811"
"3550.0_48650.0","3650.0_51050.0","25.2426408","2524.2640687119283"
"54050.0_12650.0","56050.0_11550.0","58.112699199999966","5811.269837220809"
"33650.0_10150.0","35650.0_9050.0","24.5563496","2455.6349186104044"
"46950.0_29950.0","48550.0_30350.0","17.6568544","1765.685424949238"
"49650.0_33350.0","51650.0_34450.0","24.5563496","2455.6349186104044"
"5450.0_29450.0","12050.0_34350.0","88.7817479999999","8878.174593052023"
"14450.0_48850.0","16750.0_49750.0","29.213204","2921.3203435596424"
"56050.0_45950.0","57250.0_46050.0","12.4142136","1241.4213562373095"
"28750.0_25550.0","29550.0_22750.0","31.3137088","3131.370849898476"
"28650.0_25450.0","29750.0_22750.0","32.7279224","3272.792206135786"
"13650.0_9350.0","14850.0_9150.0","17.8994952","1789.9494936611666"
"26450.0_9250.0","26850.0_9650.0","10.2426408","624.2640687119285"
"41650.0_5050.0","42450.0_6250.0","15.3137088","1531.370849898476"
"3050.0_44250.0","3650.0_41150.0","33.48528159999999","3348.528137423857"
"14250.0_36350.0","24750.0_38250.0","116.18376719999992","11618.376618407357"
"8950.0_34950.0","10150.0_35050.0","12.4142136","1241.4213562373095"
"35550.0_10750.0","39850.0_8950.0","56.012194399999984","5601.219330881975"
"5450.0_29450.0","7350.0_34650.0","64.01219439999993","6401.219330881976"
"55150.0_8750.0","55950.0_12750.0","45.798990399999965","4579.898987322333"
"39850.0_24650.0","40450.0_25950.0","15.4852816","1548.528137423857"
"12350.0_15150.0","12550.0_13950.0","12.8284272","1282.842712474619"
"49550.0_35750.0","51150.0_39050.0","39.62741759999999","3962.741699796952"
"16650.0_49950.0","16650.0_50050.0","1.0","100.0"
"51450.0_38650.0","51450.0_38750.0","1.0","100.0"
"48650.0_51250.0","48850.0_48750.0","32.213204000000005","3221.320343559643"
"8050.0_30250.0","10550.0_34050.0","52.11269919999995","5211.26983722081"
"21350.0_34850.0","21350.0_37950.0","39.72792239999998","3972.792206135786"
"39350.0_31450.0","39450.0_31250.0","2.4142136","241.4213562373095"
"3850.0_16350.0","3850.0_19850.0","36.6568544","3665.685424949238"
"51350.0_5950.0","52050.0_2750.0","38.21320399999999","3821.3203435596424"
"10650.0_13450.0","12350.0_15150.0","24.6274176","2462.741699796952"
"21350.0_37950.0","21650.0_35050.0","36.48528159999999","3648.528137423857"
"36950.0_44350.0","37450.0_43550.0","10.071068","1007.1067811865476"
"2150.0_50350.0","3050.0_50450.0","9.4142136","941.4213562373095"
"37850.0_54650.0","38050.0_56950.0","25.4852816","2548.528137423857"
"46750.0_47250.0","47050.0_47250.0","3.0","300.0"
"36750.0_59650.0","37050.0_58050.0","19.7279224","1972.7922061357856"
"47350.0_31550.0","47450.0_32150.0","6.4142136","641.4213562373095"
"7250.0_23150.0","8250.0_26850.0","41.14213599999998","4114.213562373096"
"42950.0_14350.0","44050.0_12550.0","22.5563496","2255.6349186104044"
"38050.0_46650.0","38850.0_45950.0","10.8994952","1089.9494936611666"
"21350.0_37950.0","21750.0_40450.0","27.4852816","2748.528137423857"
"30150.0_30550.0","36950.0_32550.0","76.28427199999994","7628.42712474619"
"26750.0_22150.0","29750.0_22750.0","32.4852816","3248.528137423857"
"48550.0_56450.0","48950.0_55950.0","25.7279224","724.2640687119285"
"33850.0_13450.0","39850.0_8950.0","83.32590319999991","8332.590180780451"
"11550.0_34650.0","12050.0_34350.0","6.2426408","624.2640687119285"
"58250.0_50650.0","59750.0_49650.0","19.142136","1914.213562373095"
"14050.0_42150.0","14450.0_42050.0","6.6568544","665.685424949238"
"30550.0_31250.0","36950.0_32250.0","71.45584479999995","7145.584412271572"
"2550.0_54250.0","3550.0_54550.0","60.35534","1207.1067811865476"
"18350.0_21550.0","20950.0_21750.0","31.7989904","3179.898987322333"
"49050.0_12750.0","50750.0_10250.0","33.213204000000005","3321.3203435596424"
"3050.0_44150.0","7050.0_43450.0","42.899495199999976","4289.949493661166"
"2850.0_21950.0","4450.0_20750.0","20.9705632","2097.056274847714"
"1150.0_49150.0","3050.0_50450.0","24.3847768","2438.477631085024"
"38050.0_31550.0","39350.0_31450.0","13.4142136","1341.4213562373095"
"38650.0_20550.0","39750.0_19350.0","16.5563496","1655.6349186104046"
"7350.0_34650.0","11550.0_34650.0","42.0","4200.0"
"27450.0_50050.0","28950.0_47750.0","29.213204","2921.3203435596424"
"10150.0_35050.0","11650.0_36250.0","21.3847768","2138.477631085024"
"8750.0_19850.0","9750.0_19950.0","35.870058400000005","2055.6349186104044"
"44250.0_53550.0","44550.0_55150.0","17.2426408","1724.2640687119285"
"8350.0_26850.0","10050.0_23950.0","47.89949519999999","4789.949493661166"
"1650.0_51950.0","3450.0_51550.0","19.6568544","1965.685424949238"
"7450.0_32250.0","8050.0_30250.0","22.4852816","2248.528137423857"
"18750.0_17950.0","20950.0_21750.0","47.112699199999966","4711.269837220809"
"27450.0_21050.0","29750.0_22750.0","30.0416312","3004.1630560342614"
"31850.0_29650.0","34750.0_31350.0","45.3137088","4531.370849898477"
"37450.0_43550.0","38050.0_43650.0","6.4142136","641.4213562373095"
"16750.0_32750.0","18550.0_32050.0","20.8994952","2089.9494936611663"
"14450.0_37850.0","24750.0_38250.0","108.79899039999997","10879.898987322335"
"16550.0_43750.0","18350.0_42350.0","23.7989904","2379.898987322333"
"54050.0_12650.0","57350.0_10150.0","55.45584479999998","5545.584412271572"
"17350.0_11250.0","18850.0_13250.0","26.213204","2621.3203435596424"
"26550.0_31350.0","28050.0_29850.0","21.213204","2121.3203435596424"
"31150.0_26050.0","32350.0_27750.0","21.9705632","2197.056274847714"
"9750.0_44250.0","10350.0_45150.0","57.426407999999995","1148.528137423857"
"3550.0_48650.0","4250.0_48850.0","7.8284272","782.842712474619"
"10750.0_19250.0","11750.0_20050.0","23.8994952","2389.9494936611663"
"56250.0_4550.0","58350.0_4650.0","21.4142136","2141.4213562373097"
"24650.0_53450.0","27050.0_53350.0","29.4852816","2948.5281374238575"
"45350.0_49150.0","47150.0_48250.0","21.7279224","2172.792206135786"
"48550.0_8350.0","50050.0_10450.0","27.213204","2721.3203435596424"
"14250.0_36350.0","21750.0_40450.0","98.08326239999995","9808.326112068524"
"11350.0_350.0","14350.0_450.0","31.2426408","3124.2640687119283"
"48550.0_8350.0","50050.0_8850.0","19.8994952","1989.9494936611666"
"8350.0_53250.0","8750.0_53350.0","22.071068","441.4213562373095"
"10750.0_19250.0","11950.0_21250.0","29.213204","2921.3203435596433"
"16150.0_5350.0","17450.0_2750.0","31.3847768","3138.477631085024"
"1850.0_57850.0","2850.0_56150.0","21.142136","2114.213562373095"
"11950.0_6550.0","16950.0_7550.0","54.142135999999994","5414.213562373096"
"42050.0_6050.0","43350.0_5450.0","15.4852816","1548.528137423857"
"5150.0_27550.0","5450.0_26850.0","41.21320399999999","1307.1067811865476"
"14450.0_48850.0","16650.0_50050.0","26.9705632","2697.056274847714"
"16150.0_5350.0","16450.0_5150.0","3.8284272","382.842712474619"
"14250.0_36350.0","21350.0_34850.0","115.84062159999996","9487.005768508881"
"24050.0_53050.0","27050.0_53350.0","35.9705632","3597.056274847715"
"26850.0_55150.0","27250.0_53550.0","17.6568544","1765.685424949238"
"41050.0_10850.0","41950.0_11350.0","47.899495200000004","1424.2640687119285"
"14250.0_36350.0","21650.0_35050.0","114.11269919999994","11411.26983722081"
"3650.0_41150.0","6450.0_42650.0","45.97056319999999","4597.056274847714"
"46050.0_19250.0","49150.0_17850.0","37.97056319999999","3797.056274847714"
"33650.0_10150.0","34950.0_10150.0","13.0","1300.0"
"36950.0_32250.0","36950.0_32550.0","3.0","300.0"
"47350.0_31550.0","47350.0_32050.0","5.0","500.0"
"57250.0_46050.0","57450.0_44450.0","16.8284272","1682.842712474619"
"40450.0_25950.0","40650.0_24150.0","18.8284272","1882.842712474619"
"49650.0_33350.0","49850.0_33350.0","2.0","200.0"
"26950.0_5250.0","27050.0_5250.0","1.0","100.0"
"55250.0_4150.0","55850.0_3850.0","23.8284272","782.842712474619"
"37850.0_54650.0","38350.0_54750.0","5.4142136","541.4213562373095"
"27450.0_21050.0","27650.0_24350.0","34.6568544","3465.685424949238"
"21950.0_7350.0","21950.0_8550.0","12.0","1200.0"
"31050.0_5050.0","31550.0_2650.0","26.071068","2607.106781186548"
"7250.0_23150.0","7350.0_24850.0","17.4142136","1741.4213562373095"
"27950.0_4950.0","28450.0_4450.0","11.6568544","765.685424949238"
"50750.0_10250.0","51350.0_12550.0","25.4852816","2548.528137423857"
"15050.0_11850.0","16750.0_12050.0","114.79899039999998","3548.528137423857"
"2850.0_56150.0","4150.0_57450.0","18.3847768","1838.4776310850236"
"34350.0_4650.0","34950.0_4150.0","33.7279224","1607.1067811865476"
"44550.0_55150.0","45950.0_53950.0","18.9705632","1897.0562748477141"
"20950.0_21750.0","21150.0_22650.0","9.8284272","982.842712474619"
"30050.0_9250.0","30850.0_7550.0","20.3137088","2031.370849898476"
"51050.0_38450.0","51450.0_38650.0","4.8284272","482.842712474619"
"14250.0_36350.0","18950.0_36650.0","54.04163119999997","5404.163056034262"
"56050.0_11550.0","56250.0_12650.0","11.8284272","1182.842712474619"
"54550.0_31350.0","55150.0_31150.0","34.142136","682.842712474619"
"2150.0_50350.0","3550.0_48650.0","27.9705632","2797.056274847714"
"49050.0_34250.0","50050.0_35050.0","13.3137088","1331.370849898476"
"42950.0_14350.0","44350.0_12750.0","21.7989904","2179.898987322333"
"1850.0_50.0","2250.0_950.0","10.6568544","1065.685424949238"
"5450.0_56650.0","6550.0_57750.0","15.5563496","1555.6349186104046"
"4950.0_41350.0","6050.0_42050.0","44.87005839999998","4487.005768508881"
"12250.0_53150.0","12650.0_56950.0","40.8284272","4082.8427124746195"
"26750.0_22150.0","27650.0_24350.0","27.142136","2714.213562373095"
"7050.0_28950.0","11550.0_34650.0","81.74011679999992","8174.011537017762"
"55950.0_9250.0","57350.0_10150.0","17.7279224","1772.7922061357856"
"49150.0_17850.0","50350.0_19350.0","19.9705632","1997.0562748477141"
"6350.0_24750.0","8350.0_26850.0","35.142135999999994","3514.213562373095"
"9750.0_44250.0","10250.0_44450.0","29.142136","582.842712474619"
"11950.0_6550.0","15850.0_6850.0","43.55634959999999","4355.634918610405"
"19050.0_53450.0","19750.0_53850.0","28.071068","1124.2640687119285"
"37950.0_30550.0","39350.0_31350.0","17.3137088","1731.370849898476"
"40450.0_25950.0","42650.0_24750.0","26.9705632","2697.056274847714"
"1550.0_13050.0","3850.0_16350.0","65.69848559999997","6569.848480983501"
"23450.0_14950.0","23950.0_13550.0","16.071068","1607.1067811865476"
"30150.0_30550.0","30550.0_31250.0","8.6568544","865.685424949238"
"57350.0_5550.0","58350.0_4650.0","23.9705632","1431.370849898476"
"14450.0_37850.0","22650.0_36450.0","95.21320399999995","9521.320343559642"
"50150.0_9950.0","50750.0_10150.0","29.4142136","1341.4213562373095"
"44450.0_48750.0","45450.0_49150.0","30.4852816","1365.685424949238"
"11750.0_18650.0","12050.0_19350.0","20.8284272","882.842712474619"
"1150.0_49150.0","3550.0_48650.0","35.48528159999999","3065.685424949238"
"11950.0_6550.0","16050.0_6750.0","45.97056319999999","4597.056274847715"
"34450.0_33650.0","34650.0_33650.0","2.0","200.0"
"2850.0_21950.0","3750.0_22350.0","11.4852816","1148.528137423857"
"27450.0_50050.0","29250.0_47050.0","37.455844799999994","3745.584412271571"
"13550.0_43450.0","14450.0_42050.0","17.7279224","1772.7922061357856"
"3050.0_50450.0","4250.0_48850.0","20.9705632","2097.056274847714"
"9850.0_19950.0","10750.0_19250.0","11.8994952","1189.9494936611666"
"4150.0_57050.0","4650.0_56550.0","26.7279224","824.2640687119285"
"3050.0_44250.0","6050.0_42050.0","39.698485599999984","3969.8484809835"
"5350.0_48150.0","5750.0_47150.0","16.2426408","1224.2640687119285"
"3050.0_24750.0","3250.0_25250.0","10.4142136","641.4213562373095"
"1750.0_51550.0","3850.0_53950.0","32.6984856","3269.8484809834995"
"49050.0_3550.0","52050.0_2750.0","33.3137088","3331.370849898476"
"28050.0_49950.0","29350.0_48750.0","19.142136","1914.213562373095"
"8050.0_30250.0","11650.0_36250.0","75.74011679999991","7574.011537017761"
"10650.0_13450.0","14950.0_11850.0","62.556349599999976","6255.634918610404"
"7550.0_37250.0","8150.0_37150.0","22.3137088","782.842712474619"
"7450.0_32250.0","10150.0_35050.0","39.769553599999995","3976.9552621700473"
"37350.0_57950.0","39250.0_59050.0","23.5563496","2355.6349186104044"
"47350.0_17250.0","49150.0_17850.0","29.071068","2907.106781186548"
"650.0_53150.0","1550.0_54450.0","16.7279224","1672.7922061357856"
"48550.0_8350.0","50350.0_9050.0","22.071068","2207.106781186548"
"10150.0_35050.0","10550.0_34050.0","11.6568544","1165.685424949238"
"950.0_46450.0","2050.0_45650.0","14.3137088","1431.370849898476"
"18950.0_36650.0","21350.0_37950.0","29.3847768","2938.477631085024"
"25550.0_20350.0","26150.0_20050.0","34.4142136","1041.4213562373095"
"10650.0_13450.0","14550.0_11850.0","62.556349599999976","6255.634918610404"
"28950.0_48950.0","29350.0_48750.0","4.8284272","482.842712474619"
"3250.0_41350.0","6450.0_42650.0","45.62741759999997","4562.741699796952"
"41650.0_5050.0","42650.0_5950.0","13.7279224","1372.7922061357856"
"10650.0_13450.0","14250.0_14950.0","42.79899039999998","4279.898987322334"
"10250.0_56150.0","10250.0_56250.0","5.0","100.0"
"3150.0_47450.0","3150.0_47750.0","13.2426408","441.4213562373095"
"6350.0_24750.0","7250.0_22950.0","24.3137088","2431.370849898476"
"47050.0_47250.0","47150.0_48250.0","11.2426408","1124.2640687119285"
"57250.0_46050.0","57350.0_47450.0","16.8994952","1689.9494936611666"
"47550.0_36150.0","47650.0_37550.0","16.8994952","1689.9494936611666"
"39350.0_31350.0","39450.0_31250.0","1.4142136","141.4213562373095"
"14250.0_36350.0","22650.0_36450.0","102.59798079999995","10259.797974644667"
"6350.0_16350.0","7250.0_13650.0","30.7279224","3072.792206135786"
"48550.0_30350.0","48650.0_31850.0","15.4142136","1541.4213562373095"
"12550.0_13950.0","14250.0_14950.0","21.7279224","2172.792206135786"
"46850.0_18450.0","47350.0_17250.0","14.6568544","1465.685424949238"
"36750.0_59650.0","37350.0_57950.0","19.4852816","1948.528137423857"
"13350.0_59950.0","17750.0_58150.0","54.38477679999997","5438.477631085024"
"43450.0_45550.0","43650.0_44650.0","32.071068","1124.2640687119285"
"3550.0_48650.0","4750.0_50350.0","21.9705632","2197.056274847714"
"55950.0_9250.0","56050.0_11550.0","25.071068","2507.106781186548"
"3250.0_41350.0","4950.0_41350.0","17.0","1700.0"
"8050.0_30250.0","8950.0_34950.0","51.55634959999996","5155.634918610405"
"46050.0_19250.0","46750.0_19950.0","9.8994952","989.9494936611666"
"12550.0_13950.0","14550.0_11850.0","41.48528159999999","4148.528137423857"
"17550.0_44450.0","18250.0_42350.0","23.8994952","2389.9494936611663"
"39850.0_8950.0","40950.0_10850.0","24.142136","2414.213562373095"
"43850.0_39450.0","44150.0_41450.0","21.2426408","2124.2640687119283"
"48750.0_50.0","50350.0_5450.0","66.62741759999997","6662.741699796952"
"33650.0_13250.0","39850.0_8850.0","83.15433039999992","8315.43289325507"
"31150.0_10650.0","33650.0_10150.0","27.6568544","2765.685424949238"
"14150.0_36150.0","22450.0_41050.0","108.56854399999992","10856.85424949238"
"6550.0_15150.0","7250.0_13650.0","17.8994952","1789.9494936611666"
"26850.0_23750.0","29550.0_22750.0","31.142136","3114.213562373095"
"10250.0_150.0","11250.0_350.0","40.8284272","1282.842712474619"
"4650.0_40850.0","7050.0_43450.0","54.14213599999998","5414.213562373096"
"38150.0_9950.0","39850.0_8950.0","22.5563496","2255.6349186104044"
"27950.0_7650.0","30850.0_7550.0","32.7279224","3272.792206135786"
"14450.0_37850.0","18950.0_36650.0","49.97056319999999","4997.056274847715"
"12550.0_13950.0","14950.0_11850.0","41.48528159999999","4148.5281374238575"
"7350.0_34650.0","11450.0_36450.0","51.3847768","5138.477631085024"
"38050.0_31550.0","39350.0_31350.0","13.8284272","1382.842712474619"
"56250.0_12650.0","57350.0_10150.0","30.3847768","3038.477631085024"
"2050.0_45650.0","4750.0_46250.0","29.4852816","2948.528137423857"
"38550.0_12950.0","39850.0_8850.0","46.38477679999997","4638.477631085024"
"8450.0_21950.0","10050.0_23950.0","27.213204","2721.3203435596424"
"38950.0_12850.0","39850.0_8850.0","43.72792239999998","4372.792206135786"
"11450.0_36450.0","12050.0_34350.0","27.7279224","2772.792206135786"
"37750.0_20550.0","39850.0_19450.0","25.5563496","2555.6349186104044"
"47650.0_37550.0","49550.0_35750.0","26.4558448","2645.584412271571"
"7350.0_26050.0","8250.0_26850.0","14.6568544","1465.685424949238"
"58250.0_50650.0","59450.0_49750.0","16.8994952","1689.9494936611666"
"31950.0_29750.0","34450.0_33650.0","57.69848559999997","5769.848480983501"
"46850.0_18450.0","50350.0_19350.0","38.72792239999998","3872.792206135786"
"51350.0_10550.0","55150.0_8750.0","46.62741759999999","4662.741699796952"
"1650.0_51950.0","2350.0_50650.0","16.4852816","1648.528137423857"
"30150.0_30550.0","31850.0_29650.0","20.7279224","2072.792206135786"
"3350.0_26750.0","4850.0_27150.0","16.6568544","1665.685424949238"
"6050.0_42050.0","6450.0_42650.0","7.6568544","765.685424949238"
"6550.0_57750.0","6950.0_57450.0","5.8284272","582.842712474619"
"13350.0_59950.0","14350.0_58850.0","15.142136","1514.213562373095"
"11750.0_6450.0","16050.0_6750.0","48.38477679999998","4838.477631085025"
"23050.0_14050.0","24650.0_14150.0","16.4142136","1641.4213562373095"
"7350.0_34650.0","8350.0_31950.0","31.142136","3114.2135623730956"
"23050.0_14050.0","24450.0_15050.0","18.142136","1814.213562373095"
"17450.0_2750.0","18450.0_5950.0","36.142135999999994","3614.213562373095"
"20050.0_8650.0","21950.0_8550.0","20.2426408","2024.2640687119285"
"1850.0_57850.0","4050.0_57050.0","25.3137088","2531.370849898476"
"16450.0_5150.0","18450.0_5950.0","24.142136","2414.213562373095"
"33050.0_31450.0","34450.0_33650.0","28.9705632","2897.056274847714"
"27650.0_24350.0","28650.0_25450.0","21.142136","2114.213562373095"
"16850.0_12050.0","18850.0_13250.0","29.7989904","2979.8989873223336"
"8350.0_31950.0","12050.0_34350.0","52.597980799999974","5259.797974644667"
"26450.0_9150.0","31050.0_7750.0","51.79899039999995","5179.898987322333"
"13750.0_43550.0","14450.0_42050.0","17.8994952","1789.9494936611666"
"11750.0_6450.0","15850.0_6850.0","45.97056319999999","4597.056274847715"
"3050.0_50450.0","3750.0_51050.0","9.4852816","948.5281374238571"
"49650.0_33350.0","51350.0_33850.0","19.071068","1907.1067811865476"
"4050.0_56750.0","4650.0_56550.0","29.6568544","882.842712474619"
"43150.0_13950.0","44750.0_14450.0","18.071068","1807.1067811865476"
"8950.0_5650.0","11150.0_6450.0","25.3137088","2531.370849898476"
"13750.0_36250.0","14150.0_36150.0","4.4142136","441.4213562373095"
"42950.0_14350.0","44950.0_13750.0","22.4852816","2248.528137423857"
"16050.0_6750.0","16450.0_8950.0","23.6568544","2365.685424949238"
"5450.0_29450.0","7050.0_28950.0","18.071068","1807.1067811865476"
"28150.0_46950.0","29250.0_47050.0","11.4142136","1141.4213562373095"
"34750.0_31350.0","36950.0_32550.0","26.9705632","2697.056274847714"
"3850.0_19850.0","3950.0_16450.0","36.071068","3607.1067811865473"
"52050.0_2750.0","53850.0_3950.0","25.3137088","2531.370849898476"
"45350.0_49150.0","46750.0_47250.0","24.7989904","2479.898987322333"
"15850.0_6850.0","16450.0_8950.0","23.4852816","2348.528137423857"
"3050.0_50450.0","3650.0_51050.0","8.4852816","848.5281374238571"
"21350.0_37950.0","22650.0_36450.0","24.9705632","2497.056274847714"
"2050.0_45650.0","3750.0_44850.0","21.142136","2114.213562373095"
"5550.0_1150.0","6050.0_1450.0","6.2426408","624.2640687119285"
"11950.0_10550.0","14850.0_9150.0","38.112699199999994","3811.269837220809"
"3050.0_44250.0","3250.0_41350.0","29.8284272","2982.842712474619"
"42050.0_6050.0","42750.0_4450.0","18.8994952","1889.9494936611666"
"14750.0_50450.0","16650.0_50050.0","20.6568544","2065.685424949238"
"7250.0_22950.0","7250.0_23150.0","2.0","200.0"
"49150.0_17650.0","49150.0_17850.0","2.0","200.0"
"27950.0_12550.0","27950.0_12650.0","1.0","100.0"
"39850.0_8850.0","39850.0_8950.0","1.0","100.0"
"50050.0_9950.0","50050.0_10450.0","5.0","500.0"
"1550.0_54050.0","1550.0_54450.0","4.8284272","482.842712474619"
"16750.0_32750.0","16850.0_30850.0","19.4142136","1941.4213562373095"
"33650.0_13250.0","40950.0_10850.0","84.69848559999994","8469.848480983499"
"26150.0_18950.0","26250.0_19450.0","27.071068","541.4213562373095"
"48850.0_48750.0","48950.0_51850.0","36.3847768","3638.477631085024"
"28050.0_29850.0","28150.0_30350.0","5.4142136","541.4213562373095"
"50050.0_8850.0","50050.0_9950.0","11.0","1100.0"
"55950.0_9250.0","55950.0_12750.0","37.48528159999999","3748.5281374238575"
"48750.0_18650.0","49150.0_17850.0","9.6568544","965.685424949238"
"29550.0_22750.0","29750.0_22750.0","2.0","200.0"
"28650.0_25450.0","28750.0_25550.0","1.4142136","141.4213562373095"
"29650.0_21150.0","29750.0_22850.0","21.4142136","1741.4213562373095"
"4650.0_40850.0","6450.0_42650.0","48.97056319999999","4897.056274847714"
"41650.0_5050.0","42050.0_4550.0","6.6568544","665.685424949238"
"18950.0_13250.0","18950.0_14150.0","39.9705632","1265.685424949238"
"33550.0_12750.0","33550.0_13250.0","11.0","700.0"
"23050.0_14050.0","23450.0_14950.0","10.6568544","1065.685424949238"
"31150.0_10650.0","34550.0_6650.0","68.04163119999997","6804.163056034262"
"38350.0_31750.0","39350.0_31450.0","11.2426408","1124.2640687119285"
"57450.0_47450.0","58450.0_46850.0","12.4852816","1248.528137423857"
"20750.0_19250.0","21150.0_22650.0","39.79899039999998","3979.8989873223336"
"38950.0_20350.0","39750.0_19350.0","13.3137088","1331.370849898476"
"30750.0_5050.0","31550.0_2650.0","27.3137088","2731.370849898476"
"40050.0_7550.0","41250.0_6950.0","24.2426408","2024.2640687119285"
"43350.0_58850.0","44150.0_57650.0","79.49747599999998","1589.9494936611666"
"38150.0_9950.0","38550.0_12950.0","31.6568544","3165.685424949238"
"11750.0_6450.0","14850.0_9150.0","42.18376719999998","4218.376618407357"
"37750.0_20550.0","38150.0_19750.0","9.6568544","965.685424949238"
"31150.0_10650.0","31350.0_10050.0","6.8284272","682.842712474619"
"51150.0_39050.0","51450.0_38750.0","4.2426408","424.26406871192853"
"15650.0_5050.0","15750.0_4350.0","12.8284272","882.842712474619"
"1150.0_14650.0","3850.0_16350.0","49.79899039999998","4979.898987322333"
"15650.0_5250.0","15750.0_4350.0","14.8284272","1082.842712474619"
"38150.0_9950.0","38950.0_12850.0","32.3137088","3231.370849898476"
"28150.0_46950.0","28950.0_48950.0","24.4852816","2448.528137423857"
"14150.0_36150.0","18950.0_36650.0","56.455844799999966","5645.584412271572"
"38950.0_12850.0","40950.0_10850.0","28.284272","2828.42712474619"
"17750.0_20750.0","18750.0_17950.0","33.798990399999994","3379.898987322333"
"7350.0_24950.0","7550.0_25950.0","19.6568544","1565.685424949238"
"8050.0_30250.0","8350.0_31950.0","19.071068","1907.1067811865476"
"11950.0_10550.0","16050.0_6750.0","56.74011679999994","5674.011537017761"
"14450.0_37850.0","22450.0_41050.0","98.76955359999997","9876.955262170048"
"48750.0_50.0","52050.0_2750.0","46.52691279999998","4652.6911934581185"
"57450.0_58750.0","58750.0_56650.0","26.3847768","2638.477631085024"
"38550.0_12950.0","40950.0_10850.0","32.6984856","3269.8484809834995"
"150.0_4550.0","1650.0_2350.0","38.3137088","3431.370849898476"
"20050.0_54250.0","22350.0_53150.0","27.5563496","2755.6349186104044"
"27050.0_5250.0","28050.0_4750.0","12.071068","1207.1067811865476"
"52850.0_14550.0","53650.0_15450.0","12.3137088","1231.370849898476"
"11950.0_10550.0","15850.0_6850.0","54.325903199999956","5432.590180780451"
"14850.0_9150.0","16450.0_8950.0","20.4852816","2048.528137423857"
"30850.0_7550.0","31050.0_7750.0","2.8284272","282.842712474619"
"12250.0_53150.0","14550.0_54850.0","30.0416312","3004.1630560342614"
"17750.0_20750.0","18350.0_21550.0","10.4852816","1048.528137423857"
"28050.0_49950.0","28150.0_46950.0","31.2426408","3124.2640687119283"
"33650.0_13250.0","38150.0_9950.0","65.11269919999998","6511.269837220809"
"34650.0_33650.0","34750.0_31350.0","23.4142136","2341.4213562373097"
"47650.0_37550.0","51050.0_38450.0","37.7279224","3772.792206135786"
"20050.0_54250.0","21750.0_54350.0","17.4142136","1741.4213562373095"
"8050.0_30250.0","11450.0_36450.0","76.91168959999992","7691.168824543142"
"13650.0_9450.0","14450.0_10550.0","71.56854399999999","1431.370849898476"
"950.0_46450.0","3050.0_44450.0","39.04163119999998","3904.163056034262"
"46750.0_19950.0","50750.0_18550.0","46.9705632","4697.056274847715"
"21750.0_40450.0","23750.0_41650.0","24.9705632","2497.056274847714"
"48250.0_35050.0","51450.0_38750.0","50.84062159999996","5084.062043356595"
"26450.0_9150.0","27950.0_7650.0","24.9705632","2497.056274847714"
"33050.0_31450.0","36950.0_32250.0","43.14213599999998","4314.213562373096"
"21650.0_35050.0","23750.0_41650.0","74.69848559999994","7469.848480983499"
"31950.0_29750.0","36950.0_32250.0","71.28427199999994","7128.427124746191"
"13750.0_36250.0","14450.0_37850.0","18.8994952","1889.9494936611666"
"950.0_46450.0","1250.0_47050.0","7.2426408","724.2640687119285"
"21350.0_34850.0","23750.0_41650.0","77.94112639999993","7794.112549695428"
"16550.0_43750.0","17550.0_44450.0","12.8994952","1289.9494936611666"
"51350.0_10550.0","54050.0_12650.0","35.6984856","3569.8484809834995"
"12050.0_19050.0","13150.0_17050.0","24.5563496","2455.6349186104044"
"50350.0_5450.0","53850.0_3950.0","41.213203999999976","4121.320343559642"
"3650.0_48550.0","4750.0_50350.0","22.5563496","2255.6349186104044"
"34250.0_7150.0","35650.0_9050.0","24.7989904","2479.898987322333"
"37950.0_56550.0","39850.0_57050.0","21.071068","2107.106781186548"
"20150.0_54150.0","22950.0_53750.0","29.6568544","2965.685424949238"
"14050.0_42150.0","15350.0_43650.0","20.9705632","2097.056274847714"
"56250.0_4550.0","57850.0_3750.0","19.3137088","1931.370849898476"
"50050.0_35050.0","51350.0_33850.0","17.9705632","1797.0562748477141"
"1550.0_30750.0","4850.0_27150.0","49.669048799999956","4966.904755831214"
"35550.0_10750.0","41050.0_11150.0","58.31370879999997","5831.370849898476"
"2250.0_30650.0","2350.0_30450.0","8.4142136","441.4213562373095"
"46650.0_11750.0","49050.0_12850.0","79.0416312","3089.9494936611663"
"11850.0_18650.0","13150.0_17050.0","21.3847768","2138.477631085024"
"11950.0_59350.0","12250.0_59350.0","9.0","500.0"
"6050.0_42050.0","7050.0_43450.0","18.142136","1814.213562373095"
"8950.0_34950.0","12050.0_34350.0","33.48528159999999","3348.528137423857"
"13650.0_9350.0","16950.0_7550.0","42.213203999999976","4221.320343559642"
"44050.0_12550.0","44750.0_14450.0","21.8994952","2189.9494936611663"
"10850.0_6450.0","11150.0_6450.0","5.2426408","524.2640687119285"
"42050.0_6050.0","42450.0_6250.0","8.2426408","824.2640687119285"
"46950.0_29950.0","47350.0_31550.0","17.6568544","1765.685424949238"
"56050.0_45950.0","58450.0_46850.0","27.7279224","2772.792206135786"
"39850.0_24650.0","40450.0_25750.0","13.4852816","1348.528137423857"
"1650.0_51950.0","1750.0_51550.0","5.8284272","582.842712474619"
"5450.0_29450.0","10150.0_35050.0","75.4680391999999","7546.803743153547"
"7350.0_34650.0","8950.0_34950.0","17.2426408","1724.2640687119285"
"5750.0_47150.0","5750.0_48250.0","34.213204000000005","1407.1067811865476"
"43050.0_13950.0","43150.0_13150.0","13.8284272","982.842712474619"
"8250.0_26850.0","10050.0_23950.0","47.48528159999999","4748.5281374238575"
"14550.0_11850.0","16250.0_14250.0","33.9705632","3397.056274847714"
"51250.0_6350.0","51350.0_5950.0","4.4142136","441.4213562373095"
"12250.0_51050.0","12250.0_53150.0","21.0","2100.0"
"9750.0_47550.0","9750.0_49450.0","19.0","1900.0"
"47250.0_23650.0","47350.0_23150.0","27.071068","541.4213562373095"
"3050.0_44250.0","4650.0_40850.0","40.62741759999999","4062.741699796952"
"29250.0_47050.0","29350.0_48750.0","28.0416312","2238.477631085024"
"14150.0_36150.0","22650.0_36450.0","105.01219439999994","10501.219330881977"
"57950.0_56450.0","58150.0_58950.0","26.6568544","2665.685424949238"
"33850.0_13450.0","41050.0_11150.0","85.62741759999994","8562.741699796952"
"14750.0_50450.0","16750.0_49750.0","22.8994952","2289.9494936611663"
"7350.0_26050.0","8450.0_21950.0","46.72792239999998","4672.792206135786"
"45650.0_54350.0","45950.0_53950.0","5.2426408","524.2640687119285"
"1250.0_47050.0","4750.0_46250.0","38.313708799999986","3831.370849898476"
"49850.0_33350.0","50050.0_35050.0","17.8284272","1782.842712474619"
"43450.0_40650.0","44350.0_41450.0","12.3137088","1231.370849898476"
"6350.0_24750.0","7350.0_24850.0","10.4142136","1041.4213562373095"
"37750.0_20550.0","38650.0_20550.0","9.0","900.0"
"14250.0_14950.0","16250.0_14250.0","22.8994952","2289.9494936611663"
"3050.0_44450.0","4750.0_46250.0","25.0416312","2504.1630560342614"
"47450.0_32150.0","48550.0_30350.0","22.5563496","2255.6349186104044"
"57850.0_39750.0","58950.0_38550.0","17.7279224","1772.7922061357856"
"34450.0_33650.0","36950.0_32550.0","29.5563496","2955.6349186104044"
"13750.0_36250.0","21350.0_37950.0","83.04163119999996","8304.163056034262"
"27450.0_50050.0","28050.0_49950.0","6.4142136","641.4213562373095"
"49050.0_34250.0","49650.0_33350.0","11.4852816","1148.528137423857"
"38250.0_31650.0","39350.0_31450.0","11.8284272","1182.842712474619"
"14250.0_36350.0","22450.0_41050.0","106.15433039999992","10615.43289325507"
"52150.0_15150.0","52850.0_14550.0","9.4852816","948.5281374238571"
"20150.0_48750.0","20950.0_49250.0","50.35534","1007.1067811865476"
"55950.0_12750.0","56250.0_12650.0","3.4142136","341.4213562373095"
"38850.0_29350.0","39350.0_31450.0","23.071068","2307.106781186548"
"18750.0_17950.0","21250.0_22450.0","55.355339999999956","5535.533905932738"
"57150.0_59350.0","58750.0_56650.0","33.6274176","3362.741699796952"
"33050.0_31450.0","34750.0_31350.0","17.4142136","1741.4213562373095"
"34650.0_33650.0","36950.0_32250.0","28.7989904","2879.8989873223336"
"7250.0_23150.0","8350.0_26850.0","41.55634959999999","4155.634918610404"
"11650.0_36250.0","12050.0_34350.0","26.5563496","2655.6349186104044"
"58550.0_51350.0","59450.0_49750.0","19.7279224","1972.7922061357856"
"2550.0_54250.0","3050.0_55650.0","61.183767200000005","1689.9494936611666"
"27450.0_50050.0","28950.0_48950.0","19.5563496","1955.6349186104046"
"18350.0_21550.0","21250.0_22450.0","39.45584479999998","3945.5844122715716"
"7350.0_34650.0","11650.0_36250.0","50.21320399999996","5021.320343559642"
"31950.0_29750.0","34750.0_31350.0","44.7279224","4472.792206135786"
"52250.0_29650.0","52350.0_30750.0","11.4142136","1141.4213562373095"
"10150.0_35050.0","11550.0_34650.0","15.6568544","1565.685424949238"
"14950.0_11850.0","16250.0_14250.0","33.142136","3314.2135623730956"
"7050.0_28950.0","7450.0_32250.0","36.3137088","3631.370849898476"
"15650.0_5150.0","16450.0_5150.0","8.0","800.0"
"1250.0_47050.0","3750.0_44850.0","34.112699199999994","3411.269837220809"
"12250.0_53150.0","12950.0_52550.0","9.4852816","948.5281374238571"
"1050.0_24450.0","1350.0_24750.0","15.5563496","424.26406871192853"
"15650.0_5150.0","17450.0_2750.0","31.4558448","3145.584412271571"
"3050.0_44450.0","3750.0_44850.0","8.6568544","865.685424949238"
"1150.0_49150.0","3650.0_48550.0","36.899495200000004","3207.106781186548"
"2450.0_50650.0","3050.0_50550.0","22.4142136","1041.4213562373095"
"19150.0_17650.0","21150.0_22650.0","58.28427199999996","5828.42712474619"
"3450.0_51550.0","4850.0_52050.0","16.071068","1607.1067811865476"
"44550.0_48150.0","46750.0_47250.0","25.7279224","2572.792206135786"
"47550.0_36150.0","51450.0_38650.0","49.35533999999997","4935.533905932738"
"27450.0_21050.0","28750.0_25550.0","52.041631199999955","5204.163056034262"
"3050.0_24750.0","3650.0_24950.0","25.071068","824.2640687119285"
"39850.0_24650.0","42350.0_24550.0","28.4852816","2848.528137423857"
"3250.0_41350.0","7050.0_43450.0","50.798990399999994","5079.898987322333"
"23750.0_41650.0","24750.0_38250.0","41.21320399999999","4121.320343559643"
"41650.0_5050.0","43350.0_5450.0","18.6568544","1865.685424949238"
"49050.0_3550.0","50350.0_5450.0","33.3137088","3331.370849898476"
"46850.0_18450.0","48750.0_18650.0","19.8284272","1982.842712474619"
"53150.0_40050.0","54650.0_41650.0","51.28427199999999","2397.056274847714"
"14450.0_42050.0","14950.0_42850.0","10.071068","1007.1067811865476"
"13750.0_36250.0","14250.0_36350.0","5.4142136","541.4213562373095"
"49550.0_35750.0","51450.0_38650.0","38.0416312","3804.1630560342614"
"38050.0_56950.0","39850.0_57050.0","18.4142136","1841.4213562373095"
"550.0_23850.0","1350.0_24750.0","21.4852816","2148.528137423857"
"31150.0_10650.0","35050.0_10050.0","41.48528159999999","4148.5281374238575"
"51050.0_8050.0","53050.0_7850.0","20.8284272","2082.842712474619"
"21350.0_37950.0","22450.0_41050.0","35.55634959999999","3555.6349186104044"
"46850.0_18450.0","49150.0_17650.0","28.6568544","2865.685424949238"
"23950.0_13550.0","24650.0_14150.0","9.4852816","948.5281374238571"
"11950.0_6550.0","14850.0_9150.0","39.76955359999998","3976.9552621700473"
"4650.0_40850.0","4950.0_41350.0","6.2426408","624.2640687119285"
"23950.0_13550.0","24450.0_15050.0","17.071068","1707.1067811865476"
"5550.0_1150.0","7950.0_1850.0","26.8994952","2689.9494936611663"
"46650.0_11750.0","49150.0_14150.0","148.78174799999996","4021.3203435596424"
"2150.0_50350.0","3650.0_48550.0","28.5563496","2855.6349186104044"
"26650.0_31450.0","28050.0_29850.0","21.7989904","2179.898987322333"
"27950.0_12650.0","28350.0_13950.0","17.142136","1714.213562373095"
"2350.0_50650.0","3850.0_53950.0","39.21320399999999","3921.3203435596424"
"26750.0_22150.0","28750.0_25550.0","44.52691279999998","4452.6911934581185"
"16850.0_30850.0","17050.0_32750.0","19.8284272","1982.842712474619"
"37750.0_10050.0","38150.0_9850.0","10.8284272","682.842712474619"
"1650.0_54450.0","1750.0_53350.0","18.2426408","1424.2640687119285"
"7050.0_28950.0","10550.0_34050.0","69.25483519999996","6925.483399593904"
"34250.0_7150.0","34950.0_10150.0","32.899495200000004","3289.9494936611663"
"26450.0_9150.0","30050.0_9250.0","36.4142136","3641.4213562373097"
"7350.0_24850.0","10050.0_23950.0","31.5563496","3155.6349186104044"
"40450.0_25750.0","40650.0_24150.0","16.8284272","1682.842712474619"
"44750.0_14450.0","44950.0_13750.0","7.8284272","782.842712474619"
"11350.0_350.0","14350.0_1750.0","39.556349600000004","3955.6349186104044"
"38050.0_43650.0","38050.0_46650.0","30.8284272","3082.8427124746195"
"42950.0_14350.0","43150.0_13950.0","4.8284272","482.842712474619"
"18250.0_42350.0","18350.0_42350.0","1.0","100.0"
"21150.0_22650.0","21250.0_22450.0","2.4142136","241.4213562373095"
"33650.0_13250.0","33850.0_13450.0","2.8284272","282.842712474619"
"4750.0_56550.0","6550.0_57750.0","22.9705632","2297.056274847714"
"34150.0_4050.0","34350.0_4650.0","23.4142136","741.4213562373095"
"44150.0_41450.0","44350.0_41450.0","2.0","200.0"
"19950.0_9050.0","20050.0_8650.0","4.4142136","441.4213562373095"
"9750.0_47550.0","11450.0_48850.0","24.7279224","2472.792206135786"
"24050.0_53050.0","27250.0_53550.0","37.142135999999994","3714.2135623730946"
"27850.0_12350.0","27950.0_12650.0","3.4142136","341.4213562373095"
"26850.0_55150.0","27050.0_53350.0","18.8284272","1882.842712474619"
"3050.0_44150.0","6450.0_42650.0","40.21320399999999","4021.3203435596424"
"6350.0_24750.0","8250.0_26850.0","34.7279224","3472.792206135786"
"50950.0_29550.0","51750.0_30250.0","47.284272","1748.528137423857"
"38350.0_31750.0","39350.0_31350.0","11.6568544","1165.685424949238"
"57150.0_59350.0","58150.0_58950.0","13.3137088","1331.370849898476"
"51050.0_8050.0","52050.0_7050.0","14.7279224","1472.7922061357856"
"57450.0_44450.0","58450.0_46850.0","39.899495200000004","3989.9494936611663"
"26850.0_23750.0","27450.0_21050.0","35.48528159999999","3548.5281374238566"
"20050.0_54250.0","22950.0_53750.0","31.071068","3107.106781186548"
"1050.0_30350.0","1450.0_30750.0","10.2426408","624.2640687119285"
"27050.0_15550.0","27950.0_12650.0","32.7279224","3272.792206135786"
"35050.0_10050.0","35650.0_9050.0","12.4852816","1248.528137423857"
"47350.0_32050.0","48550.0_30350.0","21.9705632","2197.056274847714"
"15050.0_50350.0","16750.0_49750.0","19.4852816","1948.528137423857"
"9750.0_47550.0","11250.0_49650.0","27.213204","2721.3203435596424"
"13750.0_43550.0","15350.0_43650.0","16.4142136","1641.4213562373095"
"49050.0_12850.0","49250.0_12150.0","12.6568544","865.685424949238"
"31250.0_26950.0","31950.0_26150.0","10.8994952","1089.9494936611666"
"150.0_4550.0","2250.0_950.0","48.21320399999999","4821.320343559642"
"51350.0_10550.0","56250.0_12650.0","78.62741759999997","7862.741699796952"
"24650.0_53450.0","27250.0_53550.0","30.6568544","3065.685424949238"
"33850.0_13450.0","38950.0_12850.0","69.18376719999996","6918.376618407357"
"44250.0_53550.0","45650.0_54350.0","17.3137088","1731.370849898476"
"22650.0_36450.0","23750.0_41650.0","57.38477679999998","5738.477631085025"
"7050.0_28950.0","11650.0_36250.0","92.8822527999999","9288.225099390856"
"33850.0_13450.0","38550.0_12950.0","66.76955359999995","6676.955262170048"
"37450.0_43550.0","38850.0_45950.0","29.7989904","2979.898987322333"
"7250.0_22950.0","7350.0_26050.0","35.899495200000004","3589.9494936611663"
"49150.0_17850.0","50750.0_18550.0","18.8994952","1889.9494936611666"
"52150.0_15150.0","53550.0_13450.0","22.7989904","2279.898987322333"
"40450.0_25750.0","42650.0_24750.0","26.142136","2614.213562373095"
"30550.0_31250.0","34450.0_33650.0","57.87005839999999","5787.0057685088805"
"27750.0_47950.0","28150.0_46950.0","11.6568544","1165.685424949238"
"57950.0_56450.0","58750.0_56650.0","11.8994952","1189.9494936611666"
"50350.0_5450.0","51350.0_5950.0","12.071068","1207.1067811865476"
"7750.0_20350.0","7850.0_19850.0","11.4142136","741.4213562373095"
"36950.0_44350.0","38050.0_46650.0","27.5563496","2755.634918610405"
"3650.0_48550.0","4250.0_48850.0","7.2426408","724.2640687119285"
"31250.0_26950.0","32750.0_26950.0","15.0","1500.0"
"30150.0_30550.0","34650.0_33650.0","63.11269919999995","6311.269837220809"
"26750.0_22150.0","26850.0_23750.0","27.9705632","2797.056274847714"
"20150.0_54150.0","21750.0_54350.0","16.8284272","1682.842712474619"
"7450.0_32250.0","12050.0_34350.0","57.18376719999996","5718.3766184073575"
"8750.0_48650.0","9750.0_47550.0","15.142136","1514.213562373095"
"950.0_46450.0","3050.0_47450.0","25.142136","2514.213562373095"
"11150.0_57750.0","12250.0_53150.0","55.041631199999955","5504.163056034262"
"5550.0_1150.0","8950.0_950.0","34.8284272","3482.842712474619"
"20150.0_54150.0","22350.0_53150.0","26.142136","2614.2135623730956"
"3650.0_41150.0","7050.0_43450.0","51.14213599999998","5114.213562373096"
"7350.0_34650.0","7450.0_32250.0","28.3137088","2831.370849898476"
"55150.0_8750.0","57350.0_10150.0","27.7989904","2779.898987322333"
"49050.0_3550.0","51250.0_6350.0","43.556349599999976","4355.634918610404"
"8050.0_30250.0","11550.0_34650.0","64.59798079999995","6459.797974644666"
"38350.0_54750.0","39850.0_57050.0","30.9705632","3097.056274847714"
"46750.0_19950.0","48750.0_18650.0","26.5563496","2655.6349186104044"
"12350.0_15150.0","16250.0_14250.0","43.3137088","4331.370849898476"
"18350.0_21550.0","19150.0_17650.0","42.3137088","4231.370849898476"
"46750.0_19950.0","49150.0_17650.0","37.0416312","3704.163056034262"
"7350.0_34650.0","10550.0_34050.0","34.48528159999999","3448.528137423857"
"28950.0_47750.0","29350.0_48750.0","19.7989904","1414.213562373095"
"14150.0_36150.0","24750.0_38250.0","118.59798079999992","11859.797974644667"
"34550.0_6650.0","34950.0_10150.0","36.656854399999986","3665.685424949238"
"18750.0_17950.0","19150.0_17650.0","5.2426408","524.2640687119285"
"16350.0_49950.0","16750.0_49750.0","4.8284272","482.842712474619"
"1150.0_14650.0","3950.0_16450.0","51.21320399999999","5121.320343559643"
"42350.0_53550.0","42950.0_53850.0","36.213204000000005","724.2640687119285"
"42050.0_6050.0","42650.0_5950.0","7.2426408","724.2640687119285"
"18850.0_13250.0","19550.0_12850.0","8.6568544","865.685424949238"
"2850.0_21950.0","3550.0_20550.0","16.8994952","1689.9494936611666"
"31350.0_10050.0","34950.0_10150.0","38.89949519999999","3889.9494936611663"
"10550.0_34050.0","12050.0_34350.0","21.8994952","2189.9494936611663"
"26950.0_3450.0","27050.0_5250.0","18.4142136","1841.4213562373095"
"45650.0_53650.0","45650.0_54350.0","7.0","700.0"
"3050.0_44150.0","3050.0_44250.0","1.0","100.0"
"57350.0_5550.0","57850.0_3750.0","27.6274176","2762.741699796952"
"19050.0_53450.0","19050.0_53950.0","15.2426408","641.4213562373095"
"49150.0_14150.0","49250.0_12150.0","87.18376719999999","2372.792206135786"
"13550.0_43450.0","15350.0_43650.0","18.8284272","1882.842712474619"
"51050.0_38450.0","51150.0_39050.0","6.4142136","641.4213562373095"
"39750.0_19350.0","39850.0_19450.0","1.4142136","141.4213562373095"
"40950.0_10850.0","41050.0_11150.0","3.4142136","341.4213562373095"
"48950.0_43550.0","48950.0_44250.0","35.0","700.0"
"53250.0_38150.0","53350.0_38150.0","5.0","100.0"
"9250.0_57350.0","11050.0_57750.0","82.4852816","2165.685424949238"
"43550.0_45450.0","43650.0_44650.0","30.6568544","982.842712474619"
"50050.0_9950.0","50350.0_9050.0","10.2426408","1024.2640687119285"
"7350.0_26050.0","8350.0_26850.0","15.071068","1507.1067811865476"
"53550.0_13450.0","53650.0_15450.0","26.213204","2621.3203435596424"
"34950.0_10150.0","35050.0_10050.0","1.4142136","141.4213562373095"
"17750.0_20750.0","21150.0_22650.0","45.3847768","4538.477631085024"
"10350.0_56150.0","12250.0_53150.0","45.28427199999999","4528.42712474619"
"13050.0_48250.0","13150.0_47350.0","28.7279224","1024.2640687119285"
"250.0_27250.0","1350.0_24750.0","29.5563496","2955.6349186104044"
"3450.0_51550.0","3850.0_53950.0","25.6568544","2565.685424949238"
"42350.0_24550.0","42650.0_24750.0","3.8284272","382.842712474619"
"3650.0_48550.0","3650.0_51050.0","25.8284272","2582.842712474619"
"6550.0_15150.0","7550.0_15950.0","13.3137088","1331.370849898476"
"50450.0_9050.0","51750.0_7250.0","63.76955359999998","2514.213562373095"
"57350.0_47450.0","58450.0_46850.0","13.4852816","1348.528137423857"
"1150.0_24350.0","1350.0_24750.0","16.9705632","565.685424949238"
"38250.0_31650.0","39350.0_31350.0","12.2426408","1224.2640687119285"
"47350.0_31550.0","48650.0_31850.0","14.2426408","1424.2640687119285"
"5450.0_29450.0","8050.0_30250.0","30.142136","3014.2135623730956"
"50950.0_33050.0","51450.0_33850.0","31.2426408","1124.2640687119285"
"13050.0_48250.0","13350.0_48150.0","17.071068","341.4213562373095"
"15050.0_50350.0","16650.0_50050.0","17.2426408","1724.2640687119285"
"27450.0_50050.0","27750.0_47950.0","26.3847768","2638.477631085024"
"57850.0_39750.0","58450.0_39250.0","11.4852816","1148.528137423857"
"3050.0_47450.0","4750.0_46250.0","21.9705632","2197.056274847714"
"57450.0_58750.0","58150.0_58950.0","7.8284272","782.842712474619"
"31150.0_10650.0","34250.0_7150.0","64.28427199999996","6428.427124746191"
"57850.0_39750.0","58650.0_38250.0","18.3137088","1831.370849898476"
"38850.0_29350.0","39350.0_31350.0","22.071068","2207.106781186548"
"3650.0_48550.0","3750.0_51050.0","25.4142136","2541.4213562373097"
"10150.0_35050.0","11450.0_36450.0","22.5563496","2255.6349186104044"
"40650.0_24150.0","42350.0_24550.0","23.142136","2314.213562373095"
"2350.0_50650.0","4850.0_52050.0","33.7279224","3372.792206135786"
"7250.0_23150.0","8450.0_21950.0","16.9705632","1697.0562748477141"
"52250.0_29650.0","53550.0_30850.0","17.9705632","1797.0562748477141"
"13650.0_9350.0","15850.0_6850.0","34.112699199999994","3411.269837220809"
"50050.0_8750.0","51750.0_7250.0","69.84062159999998","3038.477631085024"
"58550.0_51350.0","59750.0_49650.0","21.9705632","2197.056274847714"
"2150.0_30650.0","4850.0_27150.0","46.18376719999996","4618.376618407357"
"18350.0_21550.0","20750.0_19250.0","33.526912800000005","3352.6911934581185"
"18950.0_36650.0","23750.0_41650.0","69.88225279999992","6988.2250993908565"
"51350.0_10550.0","55950.0_9250.0","51.38477679999998","5138.477631085024"
"6350.0_16350.0","7550.0_15950.0","13.6568544","1365.685424949238"
"2250.0_1050.0","2650.0_950.0","11.8284272","782.842712474619"
"18750.0_17950.0","20750.0_19250.0","25.3847768","2538.477631085024"
"27650.0_24350.0","29550.0_22750.0","25.6274176","2562.741699796952"
"38150.0_9950.0","41050.0_11150.0","33.9705632","3397.056274847714"
"13650.0_9350.0","16050.0_6750.0","36.52691279999999","3652.6911934581185"
"30150.0_30550.0","31950.0_29750.0","21.3137088","2131.370849898476"
"31850.0_29650.0","34450.0_33650.0","58.28427199999996","5828.427124746191"
"7450.0_3350.0","7950.0_1950.0","54.6984856","1772.7922061357856"
"8350.0_31950.0","10150.0_35050.0","39.28427199999999","3928.42712474619"
"19950.0_9050.0","21950.0_7350.0","27.0416312","2704.1630560342614"
"26850.0_23750.0","28650.0_25450.0","31.6274176","3162.741699796952"
"35550.0_10750.0","38550.0_12950.0","40.28427199999999","4028.42712474619"
"21250.0_1750.0","22950.0_1950.0","36.899495200000004","2089.9494936611663"
"46850.0_18450.0","50750.0_18550.0","39.4142136","3941.4213562373097"
"7150.0_13650.0","7650.0_13450.0","17.2426408","924.2640687119285"
"17450.0_2750.0","18650.0_4850.0","25.9705632","2597.056274847714"
"6350.0_16350.0","7750.0_14350.0","26.3847768","2638.477631085024"
"7850.0_54050.0","8350.0_53250.0","40.6984856","1007.1067811865476"
"16450.0_5150.0","18450.0_4050.0","24.5563496","2455.6349186104044"
"35550.0_10750.0","38950.0_12850.0","42.698485599999984","4269.8484809835"
"16450.0_5150.0","18650.0_4850.0","23.2426408","2324.2640687119283"
"48250.0_35050.0","51050.0_38450.0","45.597980799999974","4559.797974644666"
"17450.0_2750.0","18450.0_4050.0","19.7279224","1972.7922061357856"
"44550.0_48150.0","47150.0_48250.0","26.4142136","2641.4213562373097"
"3050.0_47450.0","3750.0_44850.0","28.8994952","2889.9494936611663"
"47650.0_37550.0","51450.0_38750.0","42.97056319999997","4297.056274847714"
"30150.0_30550.0","33050.0_31450.0","35.3137088","3531.370849898476"
"9150.0_19350.0","9750.0_19950.0","26.9705632","1248.528137423857"
"48850.0_48750.0","50450.0_50550.0","25.213204","2521.3203435596424"
"12250.0_53150.0","13550.0_51950.0","19.142136","1914.213562373095"
"14150.0_36150.0","21750.0_40450.0","100.49747599999992","10049.747468305834"
"54050.0_12650.0","55950.0_12750.0","70.52691279999996","7052.6911934581185"
"31350.0_10050.0","35650.0_9050.0","50.455844799999966","5045.584412271571"
"3050.0_44150.0","4950.0_41350.0","36.455844799999994","3645.584412271571"
"21750.0_3550.0","22450.0_3550.0","24.6568544","782.842712474619"
"51250.0_6350.0","53850.0_3950.0","47.21320399999999","4721.320343559642"
"6550.0_15150.0","7750.0_14350.0","15.3137088","1531.370849898476"
"34550.0_6650.0","35650.0_9050.0","28.5563496","2855.6349186104044"
"33650.0_13250.0","35550.0_10750.0","33.6984856","3369.8484809834995"
"50050.0_35050.0","51650.0_34450.0","18.4852816","1848.528137423857"
"7050.0_28950.0","8950.0_34950.0","68.69848559999996","6869.848480983501"
"41650.0_5050.0","42750.0_4450.0","13.4852816","1348.528137423857"
"16350.0_49950.0","16650.0_50050.0","3.4142136","341.4213562373095"
"14150.0_36150.0","21350.0_34850.0","118.25483519999996","9728.42712474619"
"11950.0_10550.0","16950.0_7550.0","62.426407999999924","6242.640687119285"
"31150.0_26050.0","31250.0_26950.0","9.4142136","941.4213562373095"
"55150.0_8750.0","56050.0_11550.0","33.3847768","3338.4776310850234"
"14150.0_36150.0","21650.0_35050.0","116.52691279999993","11652.69119345812"
"44350.0_12750.0","44750.0_14450.0","18.6568544","1865.685424949238"
