"Coord1","Coord2","Cost","Length"
"59550.0_37150.0","59650.0_36650.0","17.3137088","682.842712474619"
"38750.0_48650.0","38850.0_48150.0","26.0","600.0"
"34550.0_24050.0","34750.0_23550.0","11.2426408","724.2640687119285"
"57350.0_58950.0","57550.0_57950.0","16.8284272","1282.842712474619"
"42150.0_34150.0","42250.0_33650.0","27.071068","541.4213562373095"
"36250.0_25550.0","36650.0_24550.0","58.28427199999999","1165.685424949238"
"21750.0_15450.0","21950.0_15750.0","8.6568544","382.842712474619"
"13850.0_14550.0","13950.0_14850.0","9.4142136","541.4213562373095"
"55550.0_41850.0","56050.0_42550.0","42.526912800000005","1107.1067811865476"
"14950.0_11950.0","15050.0_13050.0","16.8284272","1282.842712474619"
"29150.0_23950.0","29450.0_24050.0","9.4142136","541.4213562373095"
"30950.0_9150.0","31450.0_6750.0","63.04163119999997","3255.6349186104044"
"11250.0_41350.0","11450.0_40550.0","20.8284272","882.842712474619"
"26650.0_15750.0","27050.0_13950.0","33.899495200000004","2107.106781186548"
"27750.0_13250.0","27950.0_12750.0","11.8284272","782.842712474619"
"55850.0_43350.0","56650.0_42550.0","42.48528159999999","1765.685424949238"
"44250.0_19350.0","45050.0_18950.0","43.071068","1424.2640687119285"
"31450.0_6750.0","31850.0_6650.0","22.071068","441.4213562373095"
"39050.0_20250.0","39850.0_19850.0","15.8994952","1107.1067811865476"
"3850.0_44850.0","4550.0_43750.0","39.798990399999994","3179.898987322333"
"30950.0_9150.0","31850.0_6650.0","59.11269919999998","3579.8989873223327"
"9150.0_10950.0","9250.0_10450.0","27.071068","541.4213562373095"
"43150.0_19750.0","43350.0_19250.0","11.8284272","782.842712474619"
"25550.0_20350.0","25650.0_19850.0","11.4142136","741.4213562373095"
"11450.0_37650.0","11850.0_36050.0","93.29646639999999","2155.6349186104044"
"15350.0_24550.0","15750.0_25350.0","51.21320399999999","1024.2640687119285"
"10550.0_35150.0","10850.0_35550.0","9.8284272","582.842712474619"
"31750.0_28650.0","32750.0_30050.0","79.21320399999999","3755.634918610405"
"51050.0_38350.0","52250.0_38750.0","46.242640800000004","1424.2640687119285"
"17450.0_28850.0","17850.0_28450.0","10.2426408","624.2640687119285"
"18550.0_5950.0","18950.0_6650.0","29.8284272","982.842712474619"
"11850.0_20050.0","12050.0_21250.0","19.6568544","1565.685424949238"
"10950.0_6350.0","11750.0_6350.0","20.2426408","1224.2640687119285"
"29950.0_30650.0","30250.0_30750.0","13.6568544","482.842712474619"
"37750.0_31750.0","38350.0_31850.0","23.142136","865.685424949238"
"6450.0_21550.0","6550.0_21150.0","16.3137088","582.842712474619"
"8550.0_29850.0","11450.0_28950.0","127.88225279999992","8525.483399593906"
"10350.0_8750.0","11150.0_8750.0","24.2426408","1141.4213562373095"
"2350.0_1450.0","2650.0_950.0","17.6568544","1365.685424949238"
"3950.0_19150.0","4150.0_20550.0","44.14213600000001","1848.528137423857"
"7650.0_59350.0","8350.0_59850.0","45.35534","907.1067811865476"
"33950.0_13150.0","35150.0_11650.0","26.5563496","2255.6349186104044"
"42750.0_36050.0","43450.0_35850.0","39.142135999999994","782.842712474619"
"9150.0_49250.0","9750.0_49550.0","11.8284272","782.842712474619"
"25350.0_43150.0","25950.0_43550.0","24.8284272","882.842712474619"
"29650.0_9350.0","30250.0_9450.0","13.2426408","924.2640687119285"
"56850.0_47250.0","57150.0_48450.0","58.4142136","1441.4213562373095"
"26850.0_42750.0","27850.0_43250.0","51.48528159999999","1382.842712474619"
"43250.0_26750.0","44350.0_26050.0","25.7989904","1531.370849898476"
"54550.0_31350.0","54650.0_31550.0","12.071068","241.4213562373095"
"33450.0_12650.0","33550.0_12750.0","6.0","200.0"
"21150.0_40550.0","21250.0_40450.0","6.0","200.0"
"28250.0_38750.0","28350.0_38650.0","6.0","200.0"
"25250.0_53550.0","25350.0_53450.0","6.0","200.0"
"42750.0_14550.0","43050.0_13950.0","17.7279224","724.2640687119285"
"38950.0_38550.0","39050.0_38950.0","20.3137088","582.842712474619"
"37850.0_22250.0","38150.0_22650.0","26.213204","524.2640687119285"
"52950.0_14550.0","53250.0_14750.0","8.4142136","441.4213562373095"
"51350.0_6350.0","51650.0_6450.0","17.071068","341.4213562373095"
"34750.0_10350.0","35050.0_11350.0","54.45584480000001","1265.685424949238"
"46350.0_16150.0","46750.0_16450.0","26.213204","524.2640687119285"
"43750.0_26850.0","44250.0_26050.0","26.6568544","1065.685424949238"
"45050.0_1650.0","45550.0_850.0","14.6568544","1065.685424949238"
"44050.0_25050.0","44350.0_25450.0","9.8284272","582.842712474619"
"30050.0_49550.0","30150.0_49450.0","7.071068","141.4213562373095"
"55950.0_45550.0","56850.0_45150.0","30.3137088","1748.528137423857"
"30250.0_50050.0","30550.0_49350.0","29.6568544","882.842712474619"
"54150.0_59850.0","54650.0_59650.0","20.4142136","841.4213562373095"
"42650.0_6050.0","43150.0_5850.0","11.2426408","724.2640687119285"
"5950.0_41550.0","6150.0_42250.0","28.4142136","841.4213562373095"
"49350.0_35550.0","49650.0_34950.0","36.213204000000005","724.2640687119285"
"9850.0_7450.0","11150.0_8750.0","42.62741759999999","2014.213562373095"
"34750.0_26950.0","35450.0_27250.0","41.213204000000005","824.2640687119285"
"22450.0_50350.0","22850.0_50450.0","10.4142136","641.4213562373095"
"16250.0_10650.0","17450.0_11250.0","57.899495199999976","2189.9494936611663"
"20150.0_48750.0","21850.0_48650.0","76.7695536","2048.528137423857"
"53150.0_7650.0","54850.0_8950.0","83.53910719999999","2297.056274847714"
"650.0_46950.0","1050.0_46750.0","24.142136","482.842712474619"
"14450.0_10550.0","15450.0_8750.0","73.89949519999998","2589.9494936611663"
"13750.0_36150.0","14650.0_36450.0","16.2426408","1224.2640687119285"
"1450.0_38450.0","1550.0_39350.0","47.071068","941.4213562373095"
"14250.0_50950.0","14950.0_49750.0","51.42640799999998","2397.056274847714"
"32550.0_53250.0","32950.0_53550.0","29.142136","582.842712474619"
"40950.0_2650.0","41750.0_50.0","115.9411264","3331.370849898476"
"35450.0_43050.0","37950.0_43350.0","107.0121944","3638.477631085024"
"6850.0_22650.0","7250.0_23550.0","32.7989904","1265.685424949238"
"14250.0_15050.0","15550.0_15750.0","27.3137088","2331.370849898476"
"13850.0_36850.0","14350.0_37350.0","12.8284272","882.842712474619"
"9850.0_7450.0","10350.0_8750.0","55.213204000000005","2389.9494936611663"
"2450.0_22150.0","2550.0_21350.0","26.7989904","1065.685424949238"
"46250.0_54150.0","46850.0_53450.0","47.426407999999995","948.5281374238571"
"6050.0_14650.0","6550.0_15250.0","12.6568544","865.685424949238"
"42850.0_44350.0","43450.0_45550.0","42.3847768","1989.9494936611666"
"44050.0_14450.0","44650.0_14750.0","22.6568544","982.842712474619"
"24450.0_8750.0","25150.0_9350.0","14.071068","1007.1067811865476"
"3250.0_49050.0","3450.0_49050.0","10.0","200.0"
"8650.0_26250.0","8650.0_27150.0","28.213204","1207.1067811865476"
"29550.0_12250.0","29650.0_11550.0","37.071068","741.4213562373095"
"37750.0_31750.0","37950.0_32150.0","24.142136","482.842712474619"
"20550.0_53450.0","20650.0_53850.0","9.0","500.0"
"26750.0_9550.0","26850.0_9650.0","6.0","200.0"
"37450.0_10950.0","37650.0_11150.0","7.4142136","341.4213562373095"
"44350.0_39450.0","44850.0_38750.0","43.45584480000001","965.685424949238"
"22350.0_25850.0","22650.0_25250.0","36.213204000000005","724.2640687119285"
"58650.0_17850.0","59250.0_17050.0","27.6568544","1165.685424949238"
"43750.0_26850.0","44350.0_26050.0","29.071068","1307.1067811865476"
"21950.0_29850.0","22150.0_29750.0","12.071068","241.4213562373095"
"38650.0_12950.0","39250.0_13450.0","39.3847768","1124.2640687119285"
"18950.0_6650.0","19050.0_6750.0","6.0","200.0"
"56050.0_9250.0","56250.0_9350.0","8.4142136","441.4213562373095"
"54050.0_43550.0","54250.0_43950.0","24.142136","482.842712474619"
"38250.0_37950.0","39050.0_38950.0","28.3847768","1389.9494936611666"
"46350.0_6550.0","46950.0_5950.0","45.35534","907.1067811865476"
"50050.0_19550.0","50450.0_19250.0","9.8284272","582.842712474619"
"48950.0_44250.0","49350.0_43650.0","38.284272","765.685424949238"
"42650.0_6250.0","43250.0_6050.0","22.9705632","1248.528137423857"
"25850.0_31950.0","26750.0_31550.0","23.3847768","1289.9494936611666"
"8950.0_58050.0","10350.0_56550.0","111.02438879999998","2397.056274847714"
"21850.0_8850.0","22650.0_8050.0","27.8994952","1507.1067811865476"
"7350.0_49950.0","7950.0_49250.0","47.426407999999995","948.5281374238571"
"20650.0_40550.0","21150.0_40550.0","9.0","500.0"
"22450.0_50350.0","22950.0_49950.0","33.284272","665.685424949238"
"6050.0_20350.0","6150.0_19250.0","57.071068","1141.4213562373095"
"16650.0_6850.0","16950.0_7450.0","11.2426408","724.2640687119285"
"16950.0_5150.0","17450.0_5950.0","14.6568544","1065.685424949238"
"37950.0_32150.0","38350.0_31850.0","26.213204","524.2640687119285"
"29850.0_51350.0","29950.0_52150.0","42.071068","841.4213562373095"
"18550.0_5950.0","19050.0_6750.0","31.2426408","1124.2640687119285"
"14950.0_49750.0","15350.0_49950.0","10.8284272","682.842712474619"
"2950.0_44750.0","4050.0_43550.0","28.3137088","2031.370849898476"
"18450.0_9050.0","20150.0_9250.0","78.4142136","1841.4213562373095"
"3250.0_36250.0","3450.0_35750.0","16.3137088","582.842712474619"
"18450.0_9650.0","19950.0_8750.0","91.84062159999999","2189.9494936611663"
"7250.0_23550.0","7750.0_22450.0","19.071068","1507.1067811865476"
"18850.0_10450.0","19350.0_12850.0","48.07106799999998","2807.106781186548"
"11250.0_35350.0","11450.0_35450.0","7.0","300.0"
"46650.0_11750.0","49250.0_12150.0","80.87005839999999","3272.792206135786"
"43250.0_26750.0","43750.0_26850.0","27.071068","541.4213562373095"
"29050.0_41850.0","29150.0_42650.0","42.071068","841.4213562373095"
"18450.0_28950.0","18950.0_28950.0","25.0","500.0"
"18450.0_28550.0","18950.0_28550.0","23.4852816","582.842712474619"
"13850.0_41950.0","13850.0_42450.0","17.7279224","724.2640687119285"
"25950.0_43050.0","25950.0_43550.0","25.0","500.0"
"33150.0_45650.0","33150.0_46150.0","21.7279224","724.2640687119285"
"53150.0_40050.0","53250.0_40050.0","5.0","100.0"
"32950.0_31750.0","33050.0_31250.0","10.0","600.0"
"34750.0_33650.0","34850.0_33650.0","5.0","100.0"
"36950.0_25550.0","37050.0_25050.0","27.071068","541.4213562373095"
"44250.0_26050.0","44350.0_26050.0","5.0","100.0"
"6850.0_22650.0","7750.0_22450.0","35.0416312","1489.9494936611666"
"46750.0_4250.0","46850.0_4250.0","5.0","100.0"
"39950.0_31850.0","40050.0_31350.0","31.213204","624.2640687119285"
"56950.0_50450.0","56950.0_51350.0","45.0","900.0"
"34150.0_4050.0","34250.0_4550.0","22.0","600.0"
"40950.0_10550.0","41050.0_11350.0","13.0","900.0"
"34850.0_27250.0","35150.0_26950.0","21.213204","424.26406871192853"
"22850.0_50450.0","22950.0_49950.0","27.071068","541.4213562373095"
"8250.0_37050.0","8350.0_37350.0","17.071068","341.4213562373095"
"40050.0_59050.0","40450.0_59350.0","26.213204","524.2640687119285"
"46550.0_47050.0","47150.0_47750.0","18.071068","1007.1067811865476"
"57250.0_48550.0","57650.0_47450.0","60.6568544","1582.842712474619"
"42350.0_5950.0","42450.0_6350.0","9.0","500.0"
"7150.0_29250.0","11450.0_28950.0","130.02438879999988","9139.696961967"
"3050.0_41350.0","3550.0_41150.0","11.8284272","782.842712474619"
"16250.0_32950.0","16550.0_33350.0","9.8284272","582.842712474619"
"40150.0_53650.0","40950.0_53750.0","46.213204000000005","924.2640687119285"
"38250.0_37950.0","38950.0_38550.0","14.071068","1007.1067811865476"
"21450.0_37350.0","21650.0_38050.0","15.2426408","1124.2640687119285"
"29250.0_52750.0","29450.0_53050.0","17.0","500.0"
"54350.0_42250.0","54650.0_41650.0","36.213204000000005","724.2640687119285"
"11350.0_34850.0","11650.0_34750.0","9.4142136","541.4213562373095"
"37850.0_20050.0","37950.0_20050.0","5.0","100.0"
"57750.0_54450.0","57950.0_54350.0","7.0","300.0"
"20950.0_49250.0","21750.0_48550.0","35.142136","1265.685424949238"
"20650.0_40550.0","21250.0_40450.0","11.8284272","782.842712474619"
"7150.0_29250.0","8550.0_29850.0","31.8994952","1907.1067811865476"
"51650.0_49850.0","52250.0_49150.0","42.5979808","948.5281374238571"
"13150.0_52650.0","13450.0_52150.0","17.071068","1307.1067811865476"
"7250.0_32550.0","7750.0_32950.0","20.6568544","1182.842712474619"
"11250.0_50550.0","12050.0_51450.0","61.426407999999995","1631.370849898476"
"6850.0_19850.0","7350.0_20450.0","40.35534","807.1067811865476"
"4050.0_56750.0","5250.0_57850.0","39.142135999999994","1831.370849898476"
"12450.0_15050.0","13850.0_14550.0","21.4852816","1748.528137423857"
"7150.0_13650.0","7450.0_13350.0","13.4142136","541.4213562373095"
"21750.0_3550.0","22250.0_3750.0","13.8284272","582.842712474619"
"12450.0_15050.0","13950.0_14850.0","26.3137088","2231.370849898476"
"2250.0_22050.0","2750.0_21950.0","27.071068","541.4213562373095"
"14650.0_41450.0","14850.0_42050.0","34.142136","682.842712474619"
"14250.0_50950.0","15350.0_49950.0","45.18376719999999","1772.7922061357856"
"3850.0_51050.0","4150.0_51750.0","36.8284272","1282.842712474619"
"21650.0_40350.0","22150.0_40850.0","11.6568544","765.685424949238"
"25350.0_43150.0","25950.0_43050.0","28.7989904","865.685424949238"
"51150.0_11950.0","52150.0_11150.0","42.7279224","2907.106781186548"
"10250.0_44450.0","10350.0_45150.0","37.071068","741.4213562373095"
"7850.0_8950.0","8750.0_8850.0","44.769553599999995","1248.528137423857"
"43250.0_26750.0","44250.0_26050.0","23.3847768","1289.9494936611666"
"51450.0_33450.0","51450.0_33850.0","16.7279224","624.2640687119285"
"38250.0_29650.0","38250.0_29850.0","8.0","400.0"
"56550.0_33550.0","56550.0_33950.0","20.0","400.0"
"4950.0_27150.0","4950.0_27350.0","8.0","400.0"
"24750.0_53350.0","24750.0_53750.0","10.0","600.0"
"27050.0_47150.0","27050.0_47550.0","20.0","400.0"
"38050.0_19750.0","38050.0_19950.0","8.0","400.0"
"33550.0_10050.0","33550.0_10150.0","5.0","100.0"
"25550.0_20150.0","25550.0_20350.0","8.0","400.0"
"21550.0_40550.0","21550.0_40950.0","10.0","600.0"
"39650.0_35850.0","39750.0_35750.0","7.071068","141.4213562373095"
"49650.0_32950.0","49750.0_32850.0","7.071068","141.4213562373095"
"34750.0_10350.0","34750.0_11250.0","54.45584480000001","1265.685424949238"
"53650.0_12450.0","53650.0_13150.0","31.142136","1265.685424949238"
"55850.0_12550.0","55850.0_12650.0","5.0","100.0"
"38250.0_48550.0","38450.0_47950.0","34.142136","682.842712474619"
"17050.0_50450.0","17150.0_49850.0","36.213204000000005","724.2640687119285"
"22050.0_30050.0","22150.0_29750.0","17.071068","341.4213562373095"
"30750.0_13550.0","30950.0_13750.0","17.071068","341.4213562373095"
"35650.0_9250.0","36050.0_8850.0","10.8284272","682.842712474619"
"53850.0_45350.0","54450.0_45150.0","17.3137088","682.842712474619"
"43450.0_45550.0","43550.0_45450.0","6.0","200.0"
"48450.0_45350.0","49150.0_45450.0","28.142136","965.685424949238"
"22650.0_27550.0","23050.0_28550.0","38.3847768","1424.2640687119285"
"3050.0_55650.0","3550.0_54550.0","29.8994952","1307.1067811865476"
"27950.0_29750.0","28350.0_29550.0","22.3847768","624.2640687119285"
"56050.0_46350.0","56850.0_45150.0","19.8994952","1589.9494936611666"
"40050.0_7550.0","41250.0_7250.0","21.2426408","1724.2640687119285"
"38550.0_2550.0","38950.0_3250.0","28.7989904","865.685424949238"
"12050.0_53250.0","12350.0_54050.0","22.6568544","1865.685424949238"
"29050.0_48950.0","29650.0_48950.0","22.7279224","824.2640687119285"
"16050.0_49850.0","16350.0_49850.0","9.8284272","582.842712474619"
"17250.0_28850.0","17450.0_28050.0","41.899495200000004","1224.2640687119285"
"40150.0_41350.0","40650.0_42450.0","18.7279224","1389.9494936611666"
"43750.0_12550.0","44150.0_12150.0","25.6568544","882.842712474619"
"25850.0_31950.0","26550.0_31450.0","18.7279224","907.1067811865476"
"49150.0_44250.0","49350.0_43650.0","34.142136","682.842712474619"
"8950.0_1050.0","9850.0_150.0","55.9411264","1648.528137423857"
"25550.0_20150.0","25650.0_19850.0","8.0","400.0"
"7150.0_29250.0","7350.0_30250.0","20.2426408","1624.2640687119285"
"3250.0_25250.0","3350.0_24250.0","18.071068","1407.1067811865476"
"18050.0_6050.0","19050.0_6750.0","37.4852816","1665.685424949238"
"28150.0_29850.0","28550.0_29650.0","22.3847768","624.2640687119285"
"27950.0_38150.0","28250.0_38750.0","35.870058400000005","1007.1067811865476"
"41250.0_33050.0","42250.0_34050.0","70.71067999999998","1414.213562373095"
"55950.0_24650.0","56350.0_25050.0","23.071068","1024.2640687119285"
"12550.0_23850.0","12850.0_24250.0","9.8284272","582.842712474619"
"23850.0_7850.0","24050.0_7250.0","30.7279224","1224.2640687119285"
"3850.0_22350.0","4950.0_22250.0","53.798990399999994","1365.685424949238"
"48950.0_18650.0","49950.0_19150.0","17.2426408","1324.2640687119285"
"22050.0_6750.0","22650.0_5550.0","31.8994952","1507.1067811865476"
"1050.0_46750.0","1150.0_47650.0","29.071068","1707.1067811865476"
"7650.0_37050.0","8150.0_37550.0","29.6568544","1282.842712474619"
"6450.0_21550.0","6850.0_21750.0","24.142136","482.842712474619"
"4050.0_56750.0","5450.0_56150.0","54.284272","1731.370849898476"
"11450.0_37650.0","12550.0_37650.0","63.284272","1265.685424949238"
"53250.0_40050.0","54750.0_41750.0","47.698485599999984","2438.477631085024"
"3150.0_20450.0","4250.0_20550.0","19.071068","1507.1067811865476"
"8950.0_10450.0","9250.0_10450.0","9.0","500.0"
"18550.0_13350.0","19350.0_13050.0","13.8284272","982.842712474619"
"7450.0_12750.0","8050.0_12250.0","40.6568544","1665.685424949238"
"8950.0_10450.0","9150.0_10950.0","29.142136","582.842712474619"
"39750.0_24750.0","40550.0_24150.0","15.071068","1107.1067811865476"
"36250.0_24750.0","36950.0_25550.0","54.49747599999999","1089.9494936611666"
"2550.0_23850.0","2950.0_24050.0","21.3137088","682.842712474619"
"6550.0_21150.0","6850.0_21750.0","20.6568544","782.842712474619"
"25350.0_43050.0","25950.0_43050.0","30.0","600.0"
"11850.0_36050.0","12550.0_37650.0","80.0121944","1889.9494936611666"
"39550.0_31050.0","39950.0_31850.0","42.526912800000005","1107.1067811865476"
"5550.0_20250.0","6150.0_19250.0","65.35533999999998","1307.1067811865476"
"26150.0_9350.0","26750.0_9550.0","23.4142136","741.4213562373095"
"27050.0_50250.0","27350.0_49950.0","21.213204","424.26406871192853"
"45150.0_35350.0","45150.0_36650.0","61.0416312","1607.1067811865476"
"50050.0_29150.0","50150.0_29850.0","37.071068","741.4213562373095"
"55950.0_45550.0","56050.0_46350.0","22.6568544","982.842712474619"
"35050.0_11650.0","35150.0_11650.0","5.0","100.0"
"3050.0_40050.0","3050.0_41350.0","56.21320399999999","1607.1067811865476"
"34750.0_11250.0","35050.0_11350.0","7.4142136","341.4213562373095"
"650.0_46950.0","1150.0_47650.0","14.2426408","1024.2640687119285"
"56250.0_9350.0","56350.0_9350.0","5.0","100.0"
"950.0_2450.0","1950.0_2150.0","20.6568544","1182.842712474619"
"14850.0_7150.0","16350.0_6650.0","21.6568544","1765.685424949238"
"11550.0_36450.0","13250.0_36250.0","80.071068","1924.2640687119285"
"49050.0_3150.0","49150.0_3350.0","7.0","300.0"
"20250.0_48550.0","20950.0_49250.0","49.49747599999999","989.9494936611666"
"39750.0_17650.0","39850.0_17650.0","5.0","100.0"
"58250.0_9550.0","58350.0_9750.0","7.0","300.0"
"3850.0_21750.0","4250.0_21250.0","11.2426408","724.2640687119285"
"15050.0_43350.0","15450.0_43650.0","9.8284272","582.842712474619"
"19050.0_53950.0","19750.0_53850.0","19.4142136","741.4213562373095"
"27950.0_38150.0","28350.0_38650.0","33.284272","665.685424949238"
"58450.0_56850.0","58950.0_55650.0","27.7279224","1972.7922061357856"
"14050.0_8850.0","15450.0_9950.0","60.84062159999999","1972.7922061357856"
"34350.0_34950.0","34750.0_34250.0","33.3847768","924.2640687119285"
"44250.0_48250.0","45450.0_49150.0","29.9705632","1714.213562373095"
"22650.0_50450.0","22950.0_50150.0","21.213204","424.26406871192853"
"2450.0_50450.0","2650.0_50850.0","15.071068","624.2640687119285"
"7250.0_32550.0","7450.0_33150.0","24.4852816","1565.685424949238"
"7550.0_37250.0","8250.0_37050.0","22.3137088","782.842712474619"
"6850.0_25250.0","7550.0_25950.0","25.8994952","2189.9494936611663"
"42850.0_39150.0","44350.0_39450.0","33.556349600000004","1824.2640687119285"
"33950.0_13150.0","35050.0_11650.0","24.142136","2014.213562373095"
"42650.0_50.0","43850.0_550.0","57.9705632","1465.685424949238"
"42850.0_44350.0","43550.0_45450.0","40.9705632","1848.528137423857"
"30750.0_38150.0","31250.0_38150.0","25.0","500.0"
"3550.0_51550.0","4050.0_51750.0","10.4142136","641.4213562373095"
"39750.0_26150.0","40250.0_25550.0","40.35534","807.1067811865476"
"53050.0_41850.0","54350.0_42250.0","78.45584480000001","1665.685424949238"
"55150.0_31150.0","55150.0_31650.0","25.0","500.0"
"32250.0_57750.0","32350.0_58150.0","17.2426408","441.4213562373095"
"26050.0_19650.0","26150.0_20050.0","22.071068","441.4213562373095"
"42850.0_21350.0","43050.0_21750.0","24.142136","482.842712474619"
"54850.0_8950.0","55050.0_8950.0","8.0","400.0"
"38950.0_35050.0","39150.0_35050.0","8.0","400.0"
"2750.0_11950.0","3650.0_10850.0","29.8994952","2189.9494936611663"
"48950.0_44250.0","49150.0_44250.0","8.0","400.0"
"51450.0_5950.0","51650.0_6450.0","27.3847768","724.2640687119285"
"53350.0_38150.0","53650.0_37650.0","31.213204","624.2640687119285"
"25550.0_21150.0","25850.0_21750.0","36.213204000000005","724.2640687119285"
"35450.0_22450.0","35850.0_21950.0","20.4142136","841.4213562373095"
"21950.0_29850.0","22050.0_30050.0","12.071068","241.4213562373095"
"28550.0_52550.0","28850.0_53750.0","38.213204000000005","1407.1067811865476"
"58250.0_13650.0","58450.0_13750.0","12.071068","241.4213562373095"
"36750.0_57850.0","37050.0_57750.0","17.071068","341.4213562373095"
"58150.0_38250.0","58950.0_38450.0","13.4142136","941.4213562373095"
"18050.0_6050.0","18550.0_5950.0","10.0","600.0"
"3050.0_40050.0","3550.0_41150.0","58.083262399999995","1531.370849898476"
"26550.0_13950.0","27050.0_13950.0","11.0","700.0"
"10950.0_6350.0","11150.0_8750.0","33.4142136","2541.4213562373097"
"26550.0_13950.0","26650.0_15750.0","40.3137088","2748.528137423857"
"12050.0_19750.0","12150.0_21250.0","40.6274176","2048.528137423857"
"21050.0_21350.0","21150.0_21950.0","20.8994952","1207.1067811865476"
"46450.0_5050.0","47050.0_4550.0","21.2426408","924.2640687119285"
"8050.0_59450.0","8350.0_59850.0","26.213204","524.2640687119285"
"18050.0_6050.0","18950.0_6650.0","36.071068","1524.2640687119285"
"10550.0_38050.0","10950.0_37850.0","24.142136","482.842712474619"
"37850.0_39150.0","38950.0_39050.0","49.556349600000004","1907.1067811865476"
"31750.0_30750.0","32550.0_29250.0","51.769553599999995","2031.370849898476"
"29650.0_51350.0","30450.0_51950.0","52.426407999999995","1048.528137423857"
"11150.0_8750.0","11750.0_6350.0","30.4852816","2648.528137423857"
"51150.0_38150.0","52150.0_38550.0","45.899495200000004","1707.1067811865476"
"44450.0_35850.0","45350.0_36350.0","44.526912800000005","1307.1067811865476"
"24750.0_22350.0","25250.0_21950.0","36.213204000000005","724.2640687119285"
"50150.0_9850.0","50750.0_10150.0","30.4142136","1441.4213562373095"
"34450.0_33750.0","34850.0_33950.0","21.3137088","682.842712474619"
"48250.0_45050.0","48650.0_44450.0","32.284272","1048.528137423857"
"20250.0_48550.0","21750.0_48550.0","77.3847768","1724.2640687119285"
"26550.0_31450.0","26750.0_31550.0","7.0","300.0"
"28150.0_43050.0","28250.0_43050.0","5.0","100.0"
"31750.0_30550.0","32150.0_30650.0","13.8284272","982.842712474619"
"7650.0_59350.0","8050.0_59450.0","22.071068","441.4213562373095"
"5550.0_20250.0","6050.0_20350.0","27.071068","541.4213562373095"
"2250.0_34950.0","2850.0_35050.0","30.213204","1007.1067811865476"
"7450.0_33150.0","7750.0_32950.0","8.4142136","441.4213562373095"
"10350.0_8750.0","10950.0_6350.0","49.313708799999986","3248.5281374238575"
"53050.0_41850.0","54650.0_41650.0","54.526912800000005","1989.9494936611666"
"43150.0_39350.0","44750.0_38650.0","60.21320399999999","2407.106781186548"
"10350.0_8750.0","11750.0_6350.0","46.3847768","3355.6349186104044"
"27150.0_53150.0","27750.0_53450.0","36.213204000000005","724.2640687119285"
"7550.0_37250.0","8350.0_37350.0","35.6274176","1065.685424949238"
"49150.0_5650.0","50150.0_5150.0","60.355339999999984","1207.1067811865476"
"9050.0_39050.0","9750.0_39150.0","18.7279224","824.2640687119285"
"5950.0_16750.0","6650.0_15750.0","38.455844799999994","1348.528137423857"
"18250.0_41950.0","18650.0_42150.0","24.142136","482.842712474619"
"26150.0_9350.0","26850.0_9650.0","24.8284272","882.842712474619"
"25350.0_43050.0","25350.0_43150.0","5.0","100.0"
"11050.0_57750.0","11050.0_58250.0","23.2426408","641.4213562373095"
"7350.0_51350.0","7350.0_51450.0","5.0","100.0"
"46950.0_6550.0","47050.0_6250.0","17.071068","341.4213562373095"
"51350.0_6350.0","51450.0_5950.0","10.4142136","641.4213562373095"
"56450.0_20650.0","56550.0_20650.0","5.0","100.0"
"50650.0_18950.0","51150.0_18350.0","14.6568544","1065.685424949238"
"56050.0_9250.0","56350.0_9350.0","9.4142136","541.4213562373095"
"37750.0_29850.0","37850.0_30550.0","24.7279224","1024.2640687119285"
"26850.0_50150.0","27150.0_49450.0","31.4558448","965.685424949238"
"9850.0_7450.0","11750.0_6350.0","48.284272","2579.898987322333"
"45950.0_19350.0","46850.0_18050.0","24.9705632","2097.056274847714"
"7350.0_30250.0","8550.0_29850.0","24.8284272","1682.842712474619"
"5250.0_57850.0","5450.0_56150.0","37.82842719999999","1782.842712474619"
"3650.0_15950.0","3950.0_16350.0","9.8284272","582.842712474619"
"22350.0_36250.0","23050.0_35750.0","48.284272","965.685424949238"
"39950.0_7650.0","41250.0_6950.0","24.2426408","2024.2640687119285"
"7350.0_30250.0","11450.0_28950.0","117.5391071999999","7891.168824543144"
"25350.0_33350.0","25850.0_32150.0","44.556349600000004","1724.2640687119285"
"30850.0_47550.0","32150.0_46850.0","20.4852816","1648.528137423857"
"9850.0_7450.0","10950.0_6350.0","50.6274176","2414.2135623730956"
"48050.0_35150.0","48750.0_34950.0","12.4142136","841.4213562373095"
"53150.0_7650.0","55050.0_8950.0","90.61017519999997","2438.4776310850234"
"29650.0_21150.0","31350.0_22450.0","59.698485599999984","2355.6349186104044"
"2550.0_43450.0","4150.0_44850.0","35.3137088","2731.370849898476"
"5350.0_48150.0","5750.0_48250.0","22.071068","441.4213562373095"
"2350.0_30450.0","2550.0_30950.0","27.7279224","924.2640687119285"
"42850.0_39150.0","44850.0_38750.0","72.426408","2731.370849898476"
"53150.0_40050.0","54750.0_41750.0","52.698485599999984","2538.477631085024"
"7750.0_52050.0","7950.0_51450.0","32.6274176","765.685424949238"
"36250.0_24750.0","37050.0_25050.0","46.21320399999999","924.2640687119285"
"25350.0_43050.0","25950.0_43550.0","29.8284272","982.842712474619"
"1650.0_55050.0","1950.0_54050.0","31.2426408","1524.2640687119285"
"39550.0_31050.0","40050.0_31350.0","31.213204","624.2640687119285"
"1650.0_51550.0","1750.0_52050.0","10.8284272","682.842712474619"
"49650.0_34950.0","49650.0_35750.0","40.0","800.0"
"12450.0_53250.0","12450.0_54050.0","14.8284272","1082.842712474619"
"56650.0_4250.0","56650.0_4350.0","5.0","100.0"
"7650.0_8750.0","7650.0_8950.0","10.0","200.0"
"55050.0_8750.0","55050.0_8950.0","8.0","400.0"
"18950.0_28550.0","18950.0_28950.0","24.142136","482.842712474619"
"18450.0_28550.0","18450.0_28950.0","9.4142136","541.4213562373095"
"18450.0_9050.0","18450.0_9650.0","19.6568544","682.842712474619"
"41250.0_6950.0","41250.0_7250.0","9.0","500.0"
"54350.0_44850.0","54450.0_45150.0","17.071068","341.4213562373095"
"9250.0_57350.0","11050.0_58250.0","101.142136","2748.528137423857"
"44150.0_53650.0","44350.0_55050.0","20.2426408","1624.2640687119285"
"27850.0_38350.0","27950.0_38150.0","12.071068","241.4213562373095"
"53050.0_41850.0","53250.0_40050.0","80.76955359999998","2614.213562373095"
"19950.0_8750.0","20150.0_9250.0","10.4142136","641.4213562373095"
"9050.0_39050.0","9150.0_39450.0","14.6568544","582.842712474619"
"38750.0_24550.0","39350.0_24250.0","27.9705632","865.685424949238"
"45050.0_48750.0","45450.0_49150.0","10.2426408","624.2640687119285"
"42750.0_36050.0","42950.0_35850.0","14.142136","282.842712474619"
"33750.0_23250.0","34550.0_24050.0","52.0416312","1507.1067811865476"
"38150.0_3050.0","38950.0_3250.0","33.4142136","941.4213562373095"
"16750.0_49850.0","17150.0_49850.0","20.0","400.0"
"33750.0_23250.0","34750.0_23550.0","51.142135999999994","1665.685424949238"
"7150.0_49350.0","7950.0_49250.0","21.8284272","982.842712474619"
"4150.0_20550.0","4250.0_20550.0","5.0","100.0"
"15050.0_13050.0","17050.0_12050.0","107.6984856","4755.634918610404"
"1750.0_45450.0","1950.0_45550.0","7.0","300.0"
"55850.0_3850.0","56650.0_2650.0","76.56854399999999","1531.370849898476"
"21550.0_40550.0","21650.0_40350.0","12.071068","241.4213562373095"
"2650.0_50850.0","3050.0_50750.0","29.142136","582.842712474619"
"46750.0_4250.0","46750.0_4950.0","27.7279224","924.2640687119285"
"14950.0_11950.0","17050.0_12050.0","116.62741759999999","3648.5281374238566"
"30750.0_9050.0","31850.0_6650.0","56.6984856","3338.477631085024"
"30150.0_13950.0","30950.0_13750.0","39.071068","941.4213562373095"
"4950.0_27150.0","5150.0_27550.0","10.8284272","682.842712474619"
"26250.0_23650.0","26850.0_23450.0","27.4142136","741.4213562373095"
"9450.0_10250.0","9750.0_9750.0","20.8284272","882.842712474619"
"29050.0_10650.0","29650.0_9350.0","28.071068","1607.1067811865476"
"5850.0_1450.0","6150.0_1850.0","13.2426408","924.2640687119285"
"30750.0_9050.0","31450.0_6750.0","60.6274176","3014.2135623730956"
"28350.0_24850.0","28850.0_25150.0","12.8284272","882.842712474619"
"48150.0_51950.0","48850.0_50850.0","43.11269920000001","1731.370849898476"
"58050.0_3950.0","58450.0_4950.0","16.2426408","1224.2640687119285"
"35050.0_11350.0","37450.0_10950.0","35.899495200000004","2707.106781186548"
"14150.0_35250.0","14450.0_36450.0","49.82842719999999","1382.842712474619"
"30750.0_9050.0","30950.0_9150.0","7.0","300.0"
"37850.0_39150.0","38250.0_37950.0","33.899495200000004","1624.2640687119285"
"450.0_46850.0","850.0_46450.0","31.3137088","882.842712474619"
"53250.0_12750.0","53650.0_12450.0","9.8284272","582.842712474619"
"3950.0_19150.0","4250.0_20550.0","46.556349600000004","2089.9494936611663"
"9950.0_37850.0","10950.0_37850.0","50.0","1000.0"
"15350.0_24550.0","15950.0_25350.0","55.35534","1107.1067811865476"
"29050.0_10650.0","30250.0_9450.0","36.7279224","2472.792206135786"
"16250.0_32950.0","16650.0_31550.0","37.4558448","1565.685424949238"
"28250.0_42850.0","29150.0_42650.0","48.455844799999994","1065.685424949238"
"41650.0_59750.0","42950.0_59350.0","44.798990399999994","2231.370849898476"
"25550.0_20150.0","26050.0_19650.0","31.3137088","882.842712474619"
"26850.0_5150.0","27250.0_6350.0","22.8284272","1482.842712474619"
"11850.0_24050.0","12550.0_23850.0","39.142135999999994","782.842712474619"
"15750.0_25350.0","15950.0_25350.0","10.0","200.0"
"43650.0_25150.0","44350.0_25450.0","31.071068","1024.2640687119285"
"42950.0_35850.0","43450.0_35850.0","29.142136","582.842712474619"
"28550.0_52550.0","29250.0_52750.0","39.142135999999994","782.842712474619"
"12250.0_13250.0","12750.0_13750.0","16.2426408","1224.2640687119285"
"38450.0_34850.0","38450.0_34950.0","5.0","100.0"
"48950.0_43550.0","49150.0_44250.0","39.142135999999994","782.842712474619"
"31150.0_37650.0","31250.0_38150.0","27.071068","541.4213562373095"
"53250.0_38150.0","53650.0_37650.0","33.284272","665.685424949238"
"46550.0_47050.0","47050.0_47650.0","16.6568544","865.685424949238"
"42650.0_19450.0","43150.0_19750.0","20.7279224","624.2640687119285"
"38950.0_35050.0","39750.0_35750.0","52.9411264","1348.528137423857"
"7450.0_3350.0","8650.0_1050.0","71.87005839999999","3255.6349186104044"
"48050.0_18150.0","48950.0_17450.0","30.142136","1965.685424949238"
"46150.0_1250.0","46450.0_1650.0","25.2426408","841.4213562373095"
"45950.0_19350.0","47050.0_18250.0","20.7279224","1672.7922061357856"
"42650.0_19450.0","43350.0_19250.0","30.4142136","1041.4213562373095"
"50050.0_19550.0","50950.0_20450.0","65.59798079999999","1648.528137423857"
"39750.0_17650.0","40250.0_17250.0","36.213204000000005","724.2640687119285"
"42950.0_5850.0","43250.0_6050.0","14.3137088","382.842712474619"
"54350.0_42250.0","54750.0_41750.0","39.142136","782.842712474619"
"50950.0_29550.0","52050.0_29250.0","37.6568544","1282.842712474619"
"49550.0_33350.0","49650.0_32950.0","21.0","500.0"
"49350.0_35550.0","49650.0_35750.0","8.4142136","441.4213562373095"
"5550.0_20250.0","6350.0_19850.0","48.284272","965.685424949238"
"51650.0_49850.0","52650.0_49750.0","50.25483519999999","1714.213562373095"
"34750.0_10350.0","37450.0_10950.0","69.6690488","3255.6349186104044"
"3350.0_25350.0","3650.0_24950.0","26.071068","924.2640687119285"
"55950.0_21050.0","56450.0_20650.0","34.4558448","865.685424949238"
"34350.0_34950.0","34850.0_34150.0","34.7989904","1065.685424949238"
"16050.0_5650.0","17450.0_5950.0","36.556349600000004","2372.792206135786"
"7150.0_29250.0","8850.0_28150.0","138.4680392","4521.320343559642"
"9750.0_44250.0","10350.0_45150.0","57.426407999999995","1148.528137423857"
"10250.0_56250.0","11450.0_55450.0","19.8994952","1589.9494936611666"
"3550.0_41150.0","3650.0_41050.0","6.0","200.0"
"14850.0_7150.0","16050.0_6450.0","28.6568544","1665.685424949238"
"43650.0_25150.0","44050.0_25050.0","22.071068","441.4213562373095"
"1650.0_53250.0","1750.0_51750.0","56.7279224","2307.106781186548"
"57150.0_46750.0","57450.0_45850.0","17.071068","1307.1067811865476"
"56950.0_50450.0","57150.0_50450.0","10.0","200.0"
"56650.0_42550.0","56650.0_43150.0","31.5563496","824.2640687119285"
"3250.0_48450.0","3250.0_49050.0","30.9705632","1165.685424949238"
"54650.0_41650.0","54750.0_41750.0","6.0","200.0"
"47250.0_31550.0","47250.0_31850.0","9.0","500.0"
"48950.0_55950.0","49050.0_56450.0","27.071068","541.4213562373095"
"47050.0_47650.0","47150.0_47750.0","6.0","200.0"
"52950.0_14550.0","53150.0_14050.0","13.8284272","982.842712474619"
"52250.0_49150.0","52650.0_49750.0","13.6568544","965.685424949238"
"36750.0_57850.0","37150.0_58450.0","24.142136","965.685424949238"
"12950.0_52350.0","13050.0_52550.0","8.4142136","441.4213562373095"
"37950.0_20850.0","38350.0_21950.0","49.82842719999999","1382.842712474619"
"58450.0_33150.0","59050.0_33950.0","36.6274176","1648.528137423857"
"31750.0_28650.0","31750.0_30750.0","64.8994952","2324.2640687119283"
"55850.0_43350.0","56650.0_43150.0","14.8284272","1082.842712474619"
"2250.0_34950.0","2650.0_34650.0","9.8284272","582.842712474619"
"34350.0_4650.0","34950.0_4150.0","33.7279224","1607.1067811865476"
"27950.0_29750.0","28150.0_29850.0","7.0","300.0"
"38450.0_47950.0","38750.0_48650.0","39.3137088","882.842712474619"
"38450.0_47950.0","38850.0_48150.0","19.3137088","482.842712474619"
"28250.0_42850.0","29050.0_41850.0","66.56854399999999","1331.370849898476"
"12450.0_57450.0","12850.0_56450.0","16.2426408","1224.2640687119285"
"27350.0_54750.0","27850.0_55550.0","44.45584480000001","1065.685424949238"
"31750.0_30750.0","32750.0_30050.0","18.3137088","1431.370849898476"
"36050.0_8850.0","37450.0_11250.0","78.56854399999997","4628.42712474619"
"650.0_46950.0","1650.0_47350.0","31.071068","1907.1067811865476"
"37850.0_39150.0","39050.0_38950.0","46.6274176","1848.528137423857"
"9750.0_44250.0","10250.0_44450.0","29.142136","582.842712474619"
"22650.0_27550.0","23150.0_27950.0","33.284272","665.685424949238"
"1350.0_14050.0","1850.0_12650.0","31.2426408","1924.2640687119285"
"27850.0_43250.0","28250.0_43050.0","15.6568544","682.842712474619"
"35050.0_11350.0","37650.0_11150.0","32.8284272","2882.842712474619"
"46050.0_33150.0","47250.0_32050.0","50.455844799999994","1831.370849898476"
"46150.0_33350.0","47350.0_32150.0","44.183767200000005","1755.6349186104046"
"15050.0_43350.0","15250.0_43550.0","7.4142136","341.4213562373095"
"28350.0_29550.0","28550.0_29650.0","7.0","300.0"
"58450.0_56850.0","58950.0_56950.0","11.4142136","741.4213562373095"
"6050.0_35850.0","6750.0_35350.0","31.071068","1024.2640687119285"
"7150.0_49350.0","7350.0_49950.0","34.142136","682.842712474619"
"8850.0_28150.0","11450.0_28950.0","196.852816","5145.584412271572"
"18450.0_9650.0","20150.0_9250.0","90.84062159999998","2089.9494936611663"
"5350.0_48150.0","5750.0_47150.0","16.2426408","1224.2640687119285"
"26850.0_42750.0","28250.0_43050.0","55.242640800000004","1841.4213562373095"
"18450.0_9050.0","19950.0_8750.0","79.4142136","1941.4213562373095"
"10550.0_19950.0","11050.0_20050.0","13.4142136","941.4213562373095"
"250.0_38650.0","1450.0_38450.0","85.35534","1707.1067811865476"
"4450.0_10450.0","5550.0_9650.0","58.556349600000004","1607.1067811865476"
"5750.0_16450.0","5950.0_16750.0","19.142136","382.842712474619"
"850.0_24950.0","1050.0_24550.0","9.4142136","541.4213562373095"
"25550.0_20350.0","26150.0_20050.0","34.4142136","1041.4213562373095"
"2250.0_30750.0","2350.0_30450.0","9.4142136","541.4213562373095"
"13450.0_9650.0","15450.0_9950.0","73.32590319999998","3221.3203435596424"
"10650.0_33350.0","11750.0_33850.0","33.556349600000004","2955.6349186104044"
"23150.0_6450.0","23650.0_6350.0","27.071068","541.4213562373095"
"3050.0_41350.0","3650.0_41050.0","13.2426408","924.2640687119285"
"42850.0_44350.0","43650.0_44650.0","14.071068","924.2640687119285"
"25650.0_19850.0","26150.0_20050.0","29.142136","582.842712474619"
"8550.0_29850.0","8850.0_28150.0","112.46803919999998","2555.6349186104044"
"18450.0_28550.0","18950.0_28950.0","30.6568544","982.842712474619"
"18450.0_28950.0","18950.0_28550.0","31.3847768","724.2640687119285"
"56950.0_51350.0","57150.0_50450.0","49.142135999999994","982.842712474619"
"40650.0_42350.0","40650.0_42450.0","5.0","100.0"
"13250.0_36150.0","13250.0_36250.0","5.0","100.0"
"53150.0_14050.0","53250.0_14750.0","17.6568544","1365.685424949238"
"57450.0_44050.0","57650.0_44550.0","22.4142136","641.4213562373095"
"42650.0_6250.0","42950.0_5850.0","11.8284272","782.842712474619"
"53050.0_41850.0","53150.0_40050.0","85.76955359999998","2714.213562373095"
"39150.0_35050.0","39650.0_35850.0","50.35534","1007.1067811865476"
"44050.0_11350.0","44350.0_11750.0","9.8284272","582.842712474619"
"50050.0_29750.0","50550.0_29150.0","43.284272","865.685424949238"
"43450.0_45550.0","43650.0_44650.0","32.071068","1124.2640687119285"
"50450.0_19250.0","50950.0_20450.0","64.5979808","1548.528137423857"
"29050.0_48950.0","29450.0_48450.0","11.2426408","724.2640687119285"
"250.0_38650.0","1550.0_39350.0","82.42640799999998","1648.528137423857"
"34050.0_23950.0","34750.0_23650.0","28.8284272","882.842712474619"
"350.0_9250.0","750.0_10050.0","19.8994952","1107.1067811865476"
"46750.0_4950.0","46850.0_4250.0","25.6568544","882.842712474619"
"57550.0_40650.0","59150.0_39150.0","68.4558448","2831.370849898476"
"10250.0_150.0","11250.0_350.0","40.8284272","1282.842712474619"
"37850.0_39150.0","38950.0_38550.0","32.899495200000004","1524.2640687119285"
"4050.0_51750.0","4150.0_51050.0","37.071068","741.4213562373095"
"34750.0_10350.0","37650.0_11150.0","69.08326239999998","3679.8989873223327"
"39950.0_7650.0","40050.0_7550.0","6.0","200.0"
"29750.0_22850.0","31350.0_22450.0","60.284272","2414.213562373095"
"16550.0_33350.0","16650.0_31550.0","39.3847768","2007.1067811865476"
"4050.0_57250.0","5450.0_56150.0","58.94112639999999","2114.213562373095"
"28550.0_52550.0","29450.0_53050.0","40.3847768","1224.2640687119285"
"1050.0_46750.0","1650.0_47350.0","13.071068","907.1067811865476"
"21550.0_40550.0","22150.0_40850.0","17.4852816","865.685424949238"
"16050.0_5650.0","16950.0_5150.0","26.4852816","1365.685424949238"
"27150.0_53150.0","27350.0_53750.0","17.071068","824.2640687119285"
"3250.0_48450.0","3450.0_49050.0","23.3137088","882.842712474619"
"40850.0_30450.0","40850.0_30650.0","8.0","400.0"
"14350.0_37350.0","14350.0_37750.0","9.4142136","541.4213562373095"
"13450.0_52150.0","13450.0_52550.0","21.8994952","1789.9494936611666"
"8750.0_53350.0","8750.0_53750.0","20.0","400.0"
"54050.0_43550.0","54150.0_43450.0","7.071068","141.4213562373095"
"39250.0_12750.0","39250.0_13450.0","35.0","700.0"
"34750.0_34250.0","34850.0_34150.0","6.0","200.0"
"28550.0_25550.0","28650.0_24850.0","15.071068","1107.1067811865476"
"42750.0_14550.0","43150.0_13150.0","27.5563496","1707.1067811865476"
"37050.0_57750.0","37150.0_58450.0","20.8284272","882.842712474619"
"38150.0_1450.0","38550.0_1350.0","20.3137088","582.842712474619"
"38150.0_3050.0","38550.0_2550.0","33.284272","665.685424949238"
"18650.0_11450.0","18850.0_10450.0","30.4852816","1282.842712474619"
"38950.0_39050.0","39050.0_38950.0","7.071068","141.4213562373095"
"32550.0_29250.0","32750.0_30050.0","43.455844799999994","965.685424949238"
"39850.0_17650.0","40250.0_17250.0","34.142136","682.842712474619"
"27950.0_4950.0","28150.0_4750.0","7.4142136","341.4213562373095"
"27850.0_43250.0","28150.0_43050.0","14.6568544","582.842712474619"
"46750.0_44250.0","47450.0_45150.0","62.3847768","1424.2640687119285"
"29650.0_21150.0","29750.0_22850.0","21.4142136","1741.4213562373095"
"55850.0_10950.0","55850.0_12050.0","17.8284272","1382.842712474619"
"53850.0_45350.0","54350.0_44850.0","30.2426408","941.4213562373095"
"7350.0_31650.0","7450.0_31850.0","7.0","300.0"
"8250.0_31750.0","8550.0_30150.0","33.242640800000004","2524.2640687119283"
"16750.0_49850.0","17050.0_50450.0","34.213204000000005","924.2640687119285"
"40050.0_7550.0","41250.0_6950.0","24.2426408","2024.2640687119285"
"43550.0_54250.0","44250.0_54350.0","28.0","800.0"
"26950.0_24550.0","27650.0_24450.0","32.284272","1048.528137423857"
"15650.0_5250.0","15750.0_4350.0","14.8284272","1082.842712474619"
"21550.0_40950.0","21650.0_40350.0","18.3137088","782.842712474619"
"250.0_35250.0","350.0_34650.0","32.071068","641.4213562373095"
"5750.0_16450.0","6650.0_15750.0","39.3137088","1365.685424949238"
"31750.0_28650.0","32550.0_29250.0","58.284272","1165.685424949238"
"40650.0_34050.0","42250.0_33650.0","88.28427199999999","1765.685424949238"
"14250.0_15050.0","14650.0_14950.0","10.4142136","641.4213562373095"
"40650.0_34050.0","42150.0_34150.0","77.071068","1541.4213562373095"
"4950.0_27350.0","5150.0_27550.0","7.4142136","341.4213562373095"
"3150.0_20450.0","3950.0_19150.0","48.35534","1689.9494936611666"
"30150.0_13950.0","30750.0_13550.0","33.213204000000005","824.2640687119285"
"12350.0_28650.0","12750.0_28450.0","24.142136","482.842712474619"
"27850.0_38350.0","28250.0_38750.0","28.284272","565.685424949238"
"14450.0_10550.0","15150.0_8750.0","69.48528159999998","2148.528137423857"
"11850.0_6450.0","12550.0_6650.0","13.8284272","982.842712474619"
"6550.0_10150.0","6650.0_9250.0","32.4852816","1082.842712474619"
"53250.0_12750.0","53650.0_13150.0","31.213204","624.2640687119285"
"47950.0_46050.0","48350.0_46050.0","10.0","600.0"
"2650.0_34650.0","2850.0_35050.0","24.142136","482.842712474619"
"2550.0_21350.0","2750.0_21950.0","11.4142136","741.4213562373095"
"8150.0_40150.0","8950.0_40350.0","44.142135999999994","882.842712474619"
"11850.0_24050.0","12850.0_24250.0","40.242640800000004","1141.4213562373095"
"4050.0_57250.0","5250.0_57850.0","38.9705632","1731.370849898476"
"7850.0_3850.0","8050.0_5250.0","81.21320399999999","1624.2640687119285"
"53050.0_41850.0","54750.0_41750.0","55.9411264","2131.370849898476"
"14350.0_59150.0","14750.0_58650.0","18.6568544","1465.685424949238"
"37750.0_10050.0","38850.0_9950.0","17.4142136","1341.4213562373095"
"25550.0_20350.0","26050.0_19650.0","34.7279224","1224.2640687119285"
"26850.0_42750.0","28150.0_43050.0","54.242640800000004","1741.4213562373095"
"14250.0_50950.0","15350.0_50050.0","42.769553599999995","1531.370849898476"
"30750.0_38150.0","31150.0_37650.0","33.284272","665.685424949238"
"42150.0_48250.0","43150.0_47750.0","35.870058400000005","1572.7922061357856"
"25650.0_19850.0","26050.0_19650.0","24.142136","482.842712474619"
"16050.0_6450.0","16350.0_6650.0","19.142136","382.842712474619"
"58350.0_10850.0","59250.0_11050.0","47.6274176","1065.685424949238"
"30150.0_4350.0","30750.0_4950.0","13.6568544","965.685424949238"
"32050.0_12950.0","33450.0_12650.0","40.798990399999994","2314.213562373095"
"3150.0_20450.0","4150.0_20550.0","17.4852816","1348.528137423857"
"5750.0_47150.0","5750.0_48250.0","34.213204000000005","1407.1067811865476"
"43050.0_13950.0","43150.0_13150.0","13.8284272","982.842712474619"
"38950.0_38550.0","38950.0_39050.0","23.2426408","641.4213562373095"
"33650.0_31150.0","33750.0_30250.0","14.0","1000.0"
"2950.0_44750.0","3850.0_44850.0","13.4142136","941.4213562373095"
"37050.0_56750.0","37350.0_57150.0","9.8284272","582.842712474619"
"59850.0_36650.0","59950.0_35850.0","17.4852816","1348.528137423857"
"51950.0_28350.0","52050.0_27950.0","10.4142136","641.4213562373095"
"48950.0_18050.0","49050.0_18050.0","5.0","100.0"
"38950.0_35050.0","39650.0_35850.0","52.9411264","1348.528137423857"
"6750.0_22650.0","7750.0_22550.0","37.6274176","1348.528137423857"
"27350.0_53750.0","27750.0_53450.0","29.2426408","841.4213562373095"
"4650.0_41750.0","4750.0_42050.0","8.0","400.0"
"52150.0_3050.0","52850.0_2850.0","16.6568544","1265.685424949238"
"48950.0_43550.0","49350.0_43650.0","22.071068","441.4213562373095"
"49550.0_33350.0","49750.0_32850.0","27.0","700.0"
"2950.0_44750.0","4550.0_43750.0","34.142136","2614.213562373095"
"36450.0_38850.0","37450.0_39150.0","50.556349600000004","1124.2640687119285"
"12550.0_34050.0","12950.0_33750.0","26.213204","524.2640687119285"
"2450.0_22150.0","2750.0_21950.0","19.142136","382.842712474619"
"29850.0_51350.0","30350.0_52450.0","65.35533999999998","1307.1067811865476"
"34750.0_11250.0","37450.0_10950.0","38.7279224","2989.949493661167"
"44250.0_48250.0","45050.0_48750.0","24.3137088","1148.528137423857"
"27850.0_38350.0","28350.0_38650.0","31.213204","624.2640687119285"
"2250.0_30750.0","2550.0_30950.0","19.142136","382.842712474619"
"3650.0_51150.0","4150.0_51750.0","31.8284272","1182.842712474619"
"14950.0_49750.0","15350.0_50050.0","13.2426408","924.2640687119285"
"14650.0_14950.0","15550.0_15750.0","22.8994952","1889.9494936611666"
"14350.0_14950.0","15150.0_15250.0","21.4852816","1748.528137423857"
"32550.0_51250.0","33350.0_50750.0","14.6568544","1065.685424949238"
"2550.0_45650.0","3150.0_45050.0","20.4852816","1648.528137423857"
"9050.0_19450.0","9750.0_19950.0","28.3847768","1389.9494936611666"
"2450.0_50450.0","3050.0_50750.0","15.8284272","1182.842712474619"
"53150.0_40050.0","54650.0_41650.0","51.28427199999999","2397.056274847714"
"13850.0_36850.0","14350.0_37750.0","17.6568544","1365.685424949238"
"6150.0_19250.0","6350.0_19850.0","34.142136","682.842712474619"
"28550.0_48350.0","29150.0_48450.0","16.6568544","1265.685424949238"
"20050.0_53850.0","20650.0_53850.0","22.7279224","824.2640687119285"
"13850.0_38450.0","14150.0_36950.0","51.112699199999994","2048.528137423857"
"1250.0_31050.0","1550.0_30850.0","19.142136","382.842712474619"
"7350.0_30250.0","8850.0_28150.0","131.3969712","4297.056274847715"
"28850.0_53750.0","29450.0_53050.0","18.6568544","1065.685424949238"
"15150.0_8750.0","15450.0_8750.0","9.0","500.0"
"32050.0_12950.0","33550.0_12750.0","42.21320399999999","2455.6349186104044"
"53250.0_40050.0","54350.0_42250.0","76.69848559999998","2855.6349186104044"
"32950.0_52550.0","32950.0_53550.0","50.0","1000.0"
"44250.0_19250.0","44250.0_19350.0","5.0","100.0"
"39050.0_20250.0","39050.0_20350.0","5.0","100.0"
"45750.0_53650.0","45850.0_53750.0","6.0","200.0"
"21150.0_31150.0","21250.0_31550.0","22.071068","441.4213562373095"
"37850.0_22250.0","38050.0_22250.0","10.0","200.0"
"46850.0_18050.0","47050.0_18250.0","7.4142136","341.4213562373095"
"54850.0_8950.0","55050.0_8750.0","11.4142136","741.4213562373095"
"41550.0_45750.0","41950.0_45950.0","23.4142136","741.4213562373095"
"28150.0_29850.0","28350.0_29550.0","19.142136","382.842712474619"
"43450.0_19950.0","44050.0_19550.0","12.2426408","824.2640687119285"
"43950.0_12150.0","44550.0_12750.0","28.4852816","1165.685424949238"
"38650.0_12950.0","39250.0_12750.0","11.4142136","741.4213562373095"
"54150.0_43450.0","54250.0_43950.0","27.071068","541.4213562373095"
"10850.0_34550.0","11050.0_34350.0","7.4142136","341.4213562373095"
"44250.0_19250.0","45050.0_18950.0","42.071068","1324.2640687119285"
"38250.0_37950.0","38950.0_39050.0","31.3137088","1448.528137423857"
"39050.0_20350.0","39850.0_19850.0","18.3137088","1348.528137423857"
"32950.0_51250.0","33450.0_50950.0","21.071068","824.2640687119285"
"11550.0_36450.0","13250.0_36150.0","78.8284272","1882.842712474619"
"7150.0_26050.0","7350.0_24950.0","28.071068","2007.1067811865476"
"38250.0_48550.0","38850.0_48150.0","33.4558448","765.685424949238"
"38250.0_48550.0","38750.0_48650.0","27.071068","541.4213562373095"
"27950.0_29750.0","28550.0_29650.0","28.5563496","924.2640687119285"
"48050.0_47750.0","49550.0_48850.0","26.7279224","2272.792206135786"
"35650.0_9250.0","37450.0_11250.0","72.32590319999998","4004.163056034262"
"55950.0_21050.0","56550.0_20650.0","36.526912800000005","907.1067811865476"
"7750.0_20350.0","7850.0_19850.0","11.4142136","741.4213562373095"
"23050.0_28550.0","23150.0_27950.0","32.071068","641.4213562373095"
"3650.0_51150.0","3850.0_51050.0","7.0","300.0"
"3550.0_51550.0","4150.0_51050.0","33.4852816","1182.842712474619"
"2250.0_22050.0","2450.0_22150.0","12.071068","241.4213562373095"
"10550.0_49550.0","11350.0_50450.0","50.071068","1724.2640687119285"
"35450.0_43050.0","36950.0_44250.0","92.01219439999998","2289.9494936611663"
"53250.0_40050.0","54650.0_41650.0","46.28427199999999","2297.056274847714"
"25550.0_20150.0","26150.0_20050.0","31.0","700.0"
"9950.0_37850.0","10550.0_38050.0","34.142136","682.842712474619"
"18650.0_11450.0","19350.0_12850.0","21.4852816","1748.528137423857"
"12050.0_21650.0","12350.0_22550.0","45.45584480000001","1165.685424949238"
"23550.0_34850.0","24050.0_33750.0","63.112699199999994","1648.528137423857"
"42350.0_53550.0","42950.0_53850.0","36.213204000000005","724.2640687119285"
"29150.0_23950.0","29550.0_22850.0","17.2426408","1324.2640687119285"
"28850.0_53750.0","29250.0_52750.0","19.6568544","1165.685424949238"
"51250.0_10750.0","52350.0_11850.0","32.142136","2248.528137423857"
"9150.0_39450.0","9750.0_39150.0","24.6568544","782.842712474619"
"29450.0_24050.0","29550.0_22850.0","23.4852816","1948.528137423857"
"53150.0_40050.0","54350.0_42250.0","81.69848559999998","2955.6349186104044"
"2950.0_47650.0","3750.0_47150.0","14.6568544","1065.685424949238"
"15350.0_49950.0","15350.0_50050.0","5.0","100.0"
"43150.0_15950.0","43250.0_15350.0","11.0","700.0"
"4050.0_56750.0","4050.0_57250.0","11.0","700.0"
"58950.0_55650.0","58950.0_56950.0","34.556349600000004","2655.6349186104044"
"38050.0_22250.0","38150.0_22650.0","22.071068","441.4213562373095"
"48950.0_43550.0","48950.0_44250.0","35.0","700.0"
"53250.0_38150.0","53350.0_38150.0","5.0","100.0"
"9250.0_57350.0","11050.0_57750.0","82.4852816","2165.685424949238"
"43550.0_45450.0","43650.0_44650.0","30.6568544","982.842712474619"
"40250.0_41250.0","40350.0_40250.0","46.9411264","1631.370849898476"
"29450.0_48450.0","29650.0_48950.0","22.3137088","782.842712474619"
"39150.0_35050.0","39750.0_35750.0","47.426407999999995","948.5281374238571"
"52150.0_2750.0","52250.0_3250.0","11.4142136","741.4213562373095"
"15250.0_43550.0","15450.0_43650.0","7.0","300.0"
"29950.0_52150.0","30350.0_52450.0","26.213204","524.2640687119285"
"50450.0_9050.0","51750.0_7250.0","63.76955359999998","2514.213562373095"
"40150.0_41350.0","40650.0_42350.0","17.4852816","1348.528137423857"
"13050.0_48250.0","13350.0_48150.0","17.071068","341.4213562373095"
"51050.0_38350.0","51550.0_38750.0","11.2426408","724.2640687119285"
"25950.0_33250.0","26250.0_33950.0","41.213204000000005","824.2640687119285"
"7550.0_12950.0","8250.0_12450.0","28.4852816","1082.842712474619"
"1150.0_47650.0","1650.0_47350.0","21.4142136","941.4213562373095"
"39950.0_7650.0","41250.0_7250.0","21.2426408","1724.2640687119285"
"36950.0_44250.0","37950.0_43350.0","18.3137088","1431.370849898476"
"34750.0_11250.0","37650.0_11150.0","35.6568544","3165.685424949238"
"51550.0_38750.0","52250.0_38750.0","35.0","700.0"
"13150.0_52650.0","13450.0_52550.0","8.0","400.0"
"2250.0_22050.0","2550.0_21350.0","31.4558448","965.685424949238"
"57750.0_59050.0","59150.0_58550.0","20.6568544","1665.685424949238"
"53150.0_7650.0","55050.0_8750.0","86.46803919999998","2355.634918610405"
"3850.0_44850.0","4050.0_43550.0","33.9705632","2597.056274847714"
"21250.0_1750.0","22950.0_1950.0","36.899495200000004","2089.9494936611663"
"7850.0_54050.0","8350.0_53250.0","40.6984856","1007.1067811865476"
"32550.0_53250.0","32950.0_52550.0","43.284272","865.685424949238"
"6050.0_20350.0","6350.0_19850.0","31.213204","624.2640687119285"
"13450.0_9650.0","14050.0_8850.0","17.071068","1307.1067811865476"
"4050.0_43550.0","4550.0_43750.0","10.4142136","641.4213562373095"
"15150.0_13150.0","16750.0_11950.0","106.284272","4614.213562373096"
"21550.0_40950.0","22150.0_40850.0","27.4852816","1465.685424949238"
"28550.0_48650.0","29050.0_47750.0","17.071068","1307.1067811865476"
"20050.0_53850.0","20550.0_53450.0","28.5563496","1407.1067811865476"
"3050.0_40050.0","3650.0_41050.0","58.083262399999995","1531.370849898476"
"21650.0_54650.0","22250.0_53950.0","16.6568544","1265.685424949238"
"21750.0_3450.0","21750.0_3550.0","5.0","100.0"
"58050.0_3850.0","58050.0_3950.0","5.0","100.0"
"17450.0_28050.0","17450.0_28850.0","34.242640800000004","941.4213562373095"
"9450.0_9850.0","9450.0_10250.0","9.4142136","541.4213562373095"
"42650.0_6050.0","42650.0_6250.0","8.0","400.0"
"52150.0_2750.0","52150.0_3050.0","8.4142136","441.4213562373095"
"39550.0_24450.0","39750.0_24750.0","19.142136","382.842712474619"
"30150.0_49450.0","30250.0_50050.0","30.5563496","724.2640687119285"
"13850.0_36850.0","13850.0_38450.0","54.52691279999999","2389.9494936611663"
"39750.0_54050.0","40150.0_53650.0","28.284272","565.685424949238"
"36250.0_24750.0","36650.0_24550.0","24.142136","482.842712474619"
"1950.0_45550.0","3150.0_45050.0","28.3137088","2431.370849898476"
"14250.0_15050.0","14350.0_14950.0","6.0","200.0"
"1750.0_53350.0","1950.0_54050.0","25.3847768","924.2640687119285"
"57450.0_45850.0","57650.0_46450.0","24.7279224","2072.792206135786"
"46950.0_5950.0","46950.0_6550.0","30.0","600.0"
"14150.0_36950.0","14350.0_37750.0","14.2426408","1024.2640687119285"
"36250.0_24750.0","36250.0_25550.0","40.0","800.0"
"33550.0_12750.0","33550.0_13150.0","10.0","600.0"
"5750.0_16450.0","6550.0_15250.0","46.142135999999994","2048.528137423857"
"43550.0_54250.0","44350.0_55050.0","36.8284272","1682.842712474619"
"13150.0_47350.0","13350.0_48150.0","20.8284272","882.842712474619"
"43750.0_12550.0","44550.0_12750.0","14.8284272","1082.842712474619"
"24750.0_53750.0","25250.0_53550.0","10.4142136","641.4213562373095"
"40250.0_31350.0","40850.0_30650.0","38.7989904","1065.685424949238"
"29950.0_52150.0","30450.0_51950.0","29.142136","582.842712474619"
"32150.0_30650.0","32750.0_30050.0","13.071068","907.1067811865476"
"58550.0_27950.0","58750.0_28250.0","19.142136","382.842712474619"
"15450.0_8750.0","15450.0_9950.0","61.84062159999999","2072.792206135786"
"30050.0_49550.0","30550.0_49350.0","18.4142136","641.4213562373095"
"48050.0_18150.0","49050.0_18050.0","16.4142136","1241.4213562373095"
"54150.0_43450.0","55050.0_43750.0","51.21320399999999","1024.2640687119285"
"12050.0_53250.0","12450.0_53250.0","10.0","600.0"
"40650.0_34050.0","42250.0_34050.0","80.0","1600.0"
"14150.0_35250.0","14650.0_36450.0","53.24264079999999","1724.2640687119285"
"35650.0_9250.0","37650.0_11150.0","76.15433039999998","4387.0057685088805"
"13050.0_52550.0","13450.0_52550.0","10.8284272","682.842712474619"
"50150.0_5150.0","50950.0_6450.0","20.8994952","1689.9494936611666"
"29050.0_10450.0","29650.0_9350.0","18.071068","1407.1067811865476"
"31750.0_28650.0","32150.0_30650.0","70.7279224","2907.106781186548"
"51650.0_49850.0","52650.0_49650.0","47.84062159999999","1472.7922061357856"
"22450.0_50350.0","22950.0_50150.0","27.3847768","724.2640687119285"
"7450.0_12750.0","7550.0_12950.0","8.4142136","441.4213562373095"
"17450.0_28050.0","17850.0_28450.0","28.284272","565.685424949238"
"15050.0_42750.0","15250.0_43550.0","14.8284272","1082.842712474619"
"27850.0_38350.0","28650.0_38350.0","36.7279224","1024.2640687119285"
"18550.0_13350.0","20350.0_13250.0","41.62741759999999","2148.528137423857"
"11050.0_34350.0","11750.0_33850.0","13.6568544","965.685424949238"
"29050.0_10450.0","30250.0_9450.0","26.7279224","2272.792206135786"
"1750.0_57750.0","2650.0_58650.0","17.3137088","1331.370849898476"
"18850.0_7550.0","19950.0_8750.0","72.59798079999997","2514.213562373095"
"58250.0_13650.0","58950.0_13050.0","47.426407999999995","948.5281374238571"
"29550.0_12250.0","29950.0_12450.0","24.142136","482.842712474619"
"46050.0_33150.0","46150.0_33350.0","7.0","300.0"
"47250.0_32050.0","47350.0_32150.0","6.0","200.0"
"40250.0_25550.0","40350.0_25650.0","6.0","200.0"
"50050.0_29750.0","50150.0_29850.0","7.071068","141.4213562373095"
"45150.0_36650.0","45350.0_36350.0","19.142136","382.842712474619"
"22850.0_50450.0","22950.0_50150.0","17.071068","341.4213562373095"
"6850.0_19850.0","7750.0_20350.0","55.35534","1107.1067811865476"
"50250.0_10950.0","50750.0_10150.0","14.6568544","1065.685424949238"
"30050.0_49550.0","30250.0_50050.0","24.3137088","582.842712474619"
"38050.0_1450.0","38550.0_1350.0","21.3137088","682.842712474619"
"1750.0_10350.0","3650.0_10850.0","41.656854399999986","2165.685424949238"
"33450.0_12650.0","33550.0_13150.0","11.4142136","741.4213562373095"
"30150.0_49450.0","30550.0_49350.0","14.6568544","582.842712474619"
"7450.0_31850.0","7750.0_32950.0","18.2426408","1424.2640687119285"
"3650.0_51150.0","4050.0_51750.0","29.4142136","941.4213562373095"
"7850.0_8950.0","9150.0_7850.0","66.81118479999999","1755.6349186104046"
"33150.0_46150.0","33750.0_45650.0","21.8284272","982.842712474619"
"24750.0_53750.0","25350.0_53450.0","11.8284272","782.842712474619"
"48750.0_44150.0","49350.0_43650.0","40.35534","807.1067811865476"
"50750.0_33450.0","51450.0_33850.0","13.2426408","924.2640687119285"
"46750.0_4250.0","47050.0_4550.0","21.213204","424.26406871192853"
"42650.0_6250.0","43150.0_5850.0","14.6568544","1065.685424949238"
"39550.0_17150.0","39850.0_17650.0","31.213204","624.2640687119285"
"1850.0_12650.0","2050.0_13250.0","10.8284272","682.842712474619"
"32950.0_52550.0","33250.0_53550.0","56.21320399999999","1124.2640687119285"
"7350.0_51450.0","7950.0_51450.0","30.0","600.0"
"9750.0_44150.0","10250.0_44450.0","31.213204","624.2640687119285"
"34750.0_11250.0","37450.0_11250.0","32.6568544","2865.685424949238"
"37750.0_29850.0","38250.0_29850.0","21.7279224","724.2640687119285"
"7350.0_51350.0","7750.0_52050.0","34.556349600000004","1124.2640687119285"
"4950.0_27150.0","5450.0_26850.0","31.213204","624.2640687119285"
"7050.0_1950.0","8650.0_1050.0","26.3137088","2231.370849898476"
"13750.0_6950.0","16350.0_6650.0","34.899495200000004","3089.9494936611673"
"9950.0_37950.0","10950.0_37850.0","52.071068","1041.4213562373095"
"14450.0_10550.0","15450.0_9950.0","92.42640799999998","1848.528137423857"
"13750.0_36150.0","14150.0_35250.0","44.4558448","1065.685424949238"
"13850.0_38450.0","14350.0_37350.0","46.284272","1565.685424949238"
"14650.0_14950.0","15150.0_15250.0","18.4852816","1448.528137423857"
"21650.0_40350.0","22750.0_41450.0","22.142136","1814.213562373095"
"14350.0_14950.0","15550.0_15750.0","25.8994952","2189.9494936611663"
"39150.0_42850.0","40650.0_42450.0","81.6690488","2372.792206135786"
"15150.0_13150.0","17050.0_12050.0","106.28427199999997","4614.213562373096"
"15850.0_5250.0","17450.0_5950.0","27.4852816","2348.528137423857"
"12850.0_56450.0","13050.0_56250.0","7.4142136","341.4213562373095"
"26850.0_50150.0","27350.0_49950.0","25.9705632","1065.685424949238"
"5750.0_16450.0","6050.0_14650.0","54.213203999999976","2855.6349186104044"
"9050.0_39050.0","9850.0_38850.0","12.8284272","882.842712474619"
"2750.0_750.0","2850.0_650.0","7.071068","141.4213562373095"
"6150.0_9850.0","6650.0_9250.0","17.4852816","865.685424949238"
"27150.0_53150.0","27150.0_53350.0","10.0","200.0"
"39850.0_19750.0","39850.0_19850.0","5.0","100.0"
"42850.0_36150.0","42950.0_35850.0","17.071068","341.4213562373095"
"12050.0_19750.0","12050.0_21250.0","35.6274176","1948.528137423857"
"22950.0_49950.0","22950.0_50150.0","14.142136","282.842712474619"
"42650.0_21750.0","42850.0_21350.0","24.142136","482.842712474619"
"49650.0_35750.0","49850.0_34950.0","44.142135999999994","882.842712474619"
"56050.0_42550.0","56250.0_41750.0","13.4142136","941.4213562373095"
"27050.0_50250.0","27150.0_49450.0","29.3847768","1407.1067811865476"
"12550.0_23850.0","12650.0_24550.0","24.0","800.0"
"55550.0_41850.0","56250.0_41750.0","35.3137088","882.842712474619"
"49650.0_32950.0","50250.0_33350.0","27.4142136","1141.4213562373095"
"56750.0_45450.0","56850.0_45150.0","8.0","400.0"
"44050.0_11350.0","44650.0_11350.0","26.7279224","824.2640687119285"
"29050.0_49050.0","29450.0_48450.0","13.6568544","965.685424949238"
"55250.0_4150.0","56650.0_2650.0","85.46803919999998","2255.6349186104044"
"33150.0_45650.0","33750.0_45650.0","30.0","600.0"
"29850.0_4350.0","30150.0_4350.0","9.0","500.0"
"46350.0_6550.0","46950.0_6550.0","30.0","600.0"
"16050.0_49250.0","16350.0_49850.0","17.2426408","1324.2640687119285"
"39050.0_20250.0","39850.0_19750.0","14.6568544","1065.685424949238"
"16750.0_50050.0","17050.0_50450.0","26.213204","524.2640687119285"
"43150.0_15950.0","44150.0_15550.0","49.4142136","1341.4213562373095"
"52250.0_3250.0","52850.0_2850.0","14.2426408","1024.2640687119285"
"46850.0_4250.0","47050.0_4550.0","19.142136","382.842712474619"
"22150.0_40850.0","22750.0_41450.0","15.071068","1107.1067811865476"
"42650.0_6050.0","43250.0_6050.0","19.5563496","907.1067811865476"
"7250.0_32550.0","7450.0_31850.0","18.071068","924.2640687119285"
"22350.0_28650.0","23150.0_27950.0","43.76955360000001","1148.528137423857"
"30050.0_14350.0","30950.0_13750.0","51.48528159999999","1382.842712474619"
"45250.0_18950.0","46850.0_18050.0","64.9411264","2879.898987322333"
"29850.0_51350.0","30450.0_51950.0","45.35534","907.1067811865476"
"35650.0_9250.0","37450.0_10950.0","76.74011679999998","3962.741699796952"
"44450.0_35850.0","45150.0_35350.0","18.4852816","965.685424949238"
"48050.0_35150.0","48850.0_34150.0","43.9411264","1731.370849898476"
"11850.0_20050.0","12050.0_19750.0","19.142136","382.842712474619"
"28350.0_24850.0","28550.0_25550.0","19.4852816","1548.528137423857"
"37850.0_30550.0","38250.0_29650.0","16.6568544","1265.685424949238"
"18450.0_9650.0","18850.0_7550.0","76.01219439999998","2855.6349186104044"
"23850.0_7850.0","24150.0_7850.0","9.0","500.0"
"7150.0_26050.0","7550.0_25950.0","13.0","500.0"
"26750.0_23850.0","26850.0_23450.0","9.0","500.0"
"3650.0_15950.0","4550.0_15950.0","45.0","900.0"
"10550.0_49550.0","11450.0_49650.0","15.4142136","1141.4213562373095"
"8150.0_40150.0","8950.0_39750.0","48.284272","965.685424949238"
"2250.0_34950.0","2450.0_34750.0","7.4142136","341.4213562373095"
"7350.0_20450.0","7750.0_20350.0","22.071068","441.4213562373095"
"12550.0_37650.0","13250.0_36150.0","72.87005839999999","1907.1067811865476"
"9750.0_44150.0","10350.0_45150.0","62.426407999999995","1248.528137423857"
"35550.0_43750.0","36950.0_44250.0","57.87005839999999","1607.1067811865476"
"8750.0_8850.0","9150.0_7850.0","55.84062159999999","1389.9494936611666"
"2450.0_50450.0","2950.0_50450.0","11.0","700.0"
"10550.0_19950.0","10750.0_19450.0","10.4142136","641.4213562373095"
"29650.0_11550.0","29950.0_12450.0","51.21320399999999","1024.2640687119285"
"23450.0_33850.0","24050.0_33750.0","36.213204000000005","724.2640687119285"
"26350.0_55250.0","27850.0_55550.0","52.426407999999995","1931.370849898476"
"1650.0_51550.0","1750.0_51750.0","7.0","300.0"
"2550.0_43450.0","4550.0_43750.0","25.8284272","2182.842712474619"
"52150.0_38550.0","52250.0_38750.0","19.142136","382.842712474619"
"35550.0_22350.0","35850.0_21950.0","19.8284272","782.842712474619"
"52250.0_49150.0","52650.0_49650.0","11.2426408","724.2640687119285"
"43150.0_5850.0","43250.0_6050.0","12.071068","241.4213562373095"
"48750.0_44150.0","48950.0_44250.0","7.0","300.0"
"39250.0_9450.0","39550.0_8450.0","34.4558448","1431.370849898476"
"17650.0_41450.0","17950.0_40950.0","31.213204","624.2640687119285"
"38350.0_34750.0","38450.0_34950.0","12.071068","241.4213562373095"
"41550.0_45750.0","41850.0_45350.0","25.2426408","841.4213562373095"
"45150.0_10950.0","46050.0_11250.0","68.284272","1365.685424949238"
"39750.0_54050.0","40950.0_53750.0","66.21320399999999","1324.2640687119285"
"28350.0_53450.0","28850.0_53750.0","28.0","800.0"
"2550.0_43450.0","3850.0_44850.0","30.8994952","2289.9494936611663"
"26450.0_47450.0","27050.0_47150.0","36.213204000000005","724.2640687119285"
"55950.0_45550.0","56750.0_45450.0","26.8994952","1407.1067811865476"
"51050.0_38350.0","52150.0_38550.0","42.071068","1324.2640687119285"
"38450.0_23650.0","39350.0_24250.0","47.9705632","1265.685424949238"
"9850.0_55250.0","11450.0_55450.0","64.66904879999998","2355.6349186104044"
"39250.0_12750.0","39950.0_12850.0","13.4142136","941.4213562373095"
"3350.0_24250.0","3650.0_24950.0","31.4558448","965.685424949238"
"37350.0_57150.0","37850.0_55750.0","53.08326239999998","1997.0562748477141"
"15850.0_5250.0","16950.0_5150.0","17.4142136","1341.4213562373095"
"1150.0_30450.0","1250.0_31050.0","25.6274176","948.5281374238571"
"7250.0_9250.0","7650.0_8750.0","33.284272","665.685424949238"
"32750.0_10150.0","33550.0_10150.0","17.6568544","1365.685424949238"
"350.0_9250.0","1250.0_10150.0","46.9705632","1648.528137423857"
"6550.0_35850.0","6750.0_35350.0","13.8284272","582.842712474619"
"21750.0_3450.0","22250.0_3750.0","14.8284272","682.842712474619"
"4650.0_41750.0","4950.0_41450.0","9.4142136","541.4213562373095"
"43650.0_25150.0","44250.0_25850.0","31.8284272","1182.842712474619"
"850.0_24950.0","1250.0_24450.0","13.4852816","865.685424949238"
"43150.0_40050.0","43350.0_41050.0","17.6568544","1365.685424949238"
"44650.0_14450.0","44650.0_14750.0","15.0","300.0"
"50050.0_29150.0","50050.0_29750.0","30.0","600.0"
"44150.0_53650.0","44250.0_54350.0","11.4142136","741.4213562373095"
"48950.0_17450.0","48950.0_18050.0","20.7279224","1024.2640687119285"
"45150.0_35350.0","45350.0_36350.0","50.18376719999999","1389.9494936611666"
"26850.0_24050.0","26950.0_24550.0","27.071068","541.4213562373095"
"39550.0_17150.0","39750.0_17650.0","29.142136","582.842712474619"
"46450.0_5050.0","46850.0_4250.0","37.071068","1224.2640687119285"
"29250.0_24050.0","29450.0_24050.0","8.0","400.0"
"29650.0_51350.0","29850.0_51350.0","10.0","200.0"
"42650.0_21750.0","43050.0_21750.0","20.0","400.0"
"12350.0_54050.0","12450.0_53250.0","17.2426408","1324.2640687119285"
"44150.0_12150.0","44550.0_12750.0","28.4852816","1165.685424949238"
"42050.0_7250.0","42450.0_6350.0","27.2426408","1524.2640687119285"
"29150.0_23950.0","29250.0_24050.0","6.0","200.0"
"24750.0_53350.0","25250.0_53550.0","17.2426408","1324.2640687119285"
"29750.0_22850.0","30350.0_20450.0","64.284272","2648.528137423857"
"40650.0_34050.0","41250.0_33050.0","60.52691279999999","1307.1067811865476"
"17250.0_28850.0","17450.0_28850.0","10.0","200.0"
"12050.0_21250.0","12150.0_21250.0","5.0","100.0"
"2450.0_34750.0","2850.0_35050.0","26.213204","524.2640687119285"
"20550.0_31550.0","21150.0_31150.0","38.284272","765.685424949238"
"34150.0_4050.0","34950.0_4150.0","14.4142136","1041.4213562373095"
"36050.0_8850.0","37650.0_11150.0","82.39697119999997","5011.269837220809"
"5950.0_41550.0","6650.0_42650.0","36.4852816","1648.528137423857"
"17250.0_28850.0","17850.0_28450.0","17.8994952","907.1067811865476"
"19350.0_13050.0","20350.0_13250.0","31.7989904","1165.685424949238"
"47950.0_46050.0","49550.0_48850.0","113.39697119999998","4262.741699796952"
"11850.0_20050.0","12150.0_21250.0","24.6568544","1665.685424949238"
"21850.0_8850.0","22350.0_7650.0","18.6568544","1465.685424949238"
"10650.0_33350.0","10850.0_34550.0","20.2426408","1624.2640687119285"
"35050.0_11350.0","37450.0_11250.0","29.8284272","2582.842712474619"
"22650.0_50450.0","22850.0_50450.0","8.0","400.0"
"4150.0_44850.0","4550.0_43750.0","44.21320399999999","3621.3203435596424"
"15350.0_24550.0","16050.0_24550.0","35.0","700.0"
"32550.0_51250.0","32950.0_51250.0","15.4142136","741.4213562373095"
"13750.0_6950.0","14850.0_7150.0","17.8284272","1382.842712474619"
"3850.0_44850.0","4150.0_44850.0","9.0","500.0"
"7250.0_23550.0","7750.0_22550.0","16.6568544","1265.685424949238"
"7550.0_12950.0","8050.0_12250.0","35.4142136","1141.4213562373095"
"14050.0_8850.0","14450.0_10550.0","67.24264079999999","1924.2640687119285"
"3550.0_51550.0","3650.0_51150.0","22.071068","441.4213562373095"
"7650.0_15050.0","7850.0_14350.0","14.4142136","1041.4213562373095"
"2750.0_13450.0","2850.0_13350.0","6.0","200.0"
"12250.0_13250.0","12550.0_13850.0","12.4142136","841.4213562373095"
"27150.0_53350.0","27750.0_53450.0","28.6568544","782.842712474619"
"15750.0_25350.0","16050.0_24550.0","46.21320399999999","924.2640687119285"
"26850.0_5150.0","27450.0_5350.0","11.4142136","741.4213562373095"
"8750.0_19850.0","9050.0_19450.0","9.8284272","582.842712474619"
"28550.0_48350.0","29050.0_47750.0","12.6568544","865.685424949238"
"56650.0_59550.0","57550.0_57950.0","45.3847768","2289.9494936611663"
"3850.0_51050.0","4150.0_51050.0","9.0","500.0"
"56650.0_59550.0","57350.0_58950.0","33.142136","1065.685424949238"
"39550.0_24450.0","40550.0_24150.0","27.8284272","1182.842712474619"
"51250.0_10750.0","52150.0_11150.0","24.3137088","1465.685424949238"
"39750.0_26150.0","40350.0_25650.0","40.35534","807.1067811865476"
"36650.0_24550.0","36950.0_25550.0","56.21320399999999","1124.2640687119285"
"36250.0_25550.0","36950.0_25550.0","39.142135999999994","782.842712474619"
"1750.0_51750.0","1750.0_52050.0","8.4142136","441.4213562373095"
"48750.0_34950.0","48850.0_34150.0","34.7989904","1065.685424949238"
"51050.0_38350.0","51150.0_38150.0","7.0","300.0"
"6850.0_22650.0","7750.0_22550.0","32.6274176","1248.528137423857"
"33750.0_23250.0","34050.0_23950.0","29.7989904","965.685424949238"
"57350.0_53550.0","57750.0_54450.0","53.28427199999999","1065.685424949238"
"26850.0_50150.0","27050.0_50250.0","7.0","300.0"
"57450.0_44050.0","57750.0_44650.0","23.8284272","782.842712474619"
"55950.0_21050.0","56250.0_21350.0","8.8284272","482.842712474619"
"48750.0_44150.0","49150.0_44250.0","10.4142136","641.4213562373095"
"44050.0_26250.0","44350.0_26050.0","9.8284272","582.842712474619"
"35450.0_22450.0","35550.0_22350.0","6.0","200.0"
"22450.0_50350.0","22650.0_50450.0","7.0","300.0"
"12950.0_52350.0","13150.0_52650.0","9.8284272","582.842712474619"
"46150.0_1250.0","46850.0_1150.0","25.6568544","882.842712474619"
"46350.0_6550.0","47050.0_6250.0","41.213204000000005","824.2640687119285"
"24750.0_53350.0","25350.0_53450.0","18.6568544","1465.685424949238"
"50750.0_33450.0","51450.0_33450.0","19.7279224","924.2640687119285"
"3950.0_16350.0","4550.0_15950.0","38.284272","765.685424949238"
"48650.0_56350.0","48950.0_55950.0","24.3137088","582.842712474619"
"8950.0_58050.0","9250.0_57350.0","49.49747599999999","989.9494936611666"
"28350.0_53450.0","28550.0_52550.0","49.142136","982.842712474619"
"56150.0_42750.0","56650.0_43150.0","33.142136","982.842712474619"
"16250.0_32950.0","16950.0_32750.0","31.3847768","1207.1067811865476"
"14050.0_8850.0","15450.0_8750.0","19.8284272","1582.842712474619"
"51150.0_38150.0","52250.0_38750.0","50.071068","1807.1067811865476"
"8850.0_28150.0","10950.0_31250.0","150.08326240000005","4579.898987322333"
"34750.0_10350.0","37450.0_11250.0","65.25483519999999","3297.056274847714"
"45250.0_18950.0","45950.0_19350.0","46.213204000000005","924.2640687119285"
"37750.0_29850.0","38250.0_29650.0","25.142136","1065.685424949238"
"8850.0_51850.0","8950.0_52750.0","45.213204000000005","1307.1067811865476"
"6150.0_42250.0","6650.0_42650.0","12.6568544","865.685424949238"
"4950.0_27350.0","5450.0_26850.0","35.35534","707.1067811865476"
"1750.0_45450.0","2550.0_45650.0","14.8284272","1082.842712474619"
"8350.0_53250.0","8750.0_53750.0","33.284272","665.685424949238"
"37750.0_10050.0","38950.0_9850.0","18.8284272","1482.842712474619"
"39150.0_42850.0","40150.0_41350.0","76.15433039999999","1972.7922061357856"
"43250.0_26750.0","44050.0_26250.0","20.5563496","1007.1067811865476"
"44050.0_14450.0","44650.0_14450.0","11.4142136","741.4213562373095"
"34750.0_23550.0","34750.0_23650.0","5.0","100.0"
"3450.0_48850.0","3450.0_49050.0","8.0","400.0"
"16050.0_49250.0","16050.0_49850.0","12.0","800.0"
"7750.0_22450.0","7750.0_22550.0","5.0","100.0"
"11450.0_37650.0","13250.0_36150.0","103.02438879999998","2479.898987322333"
"34550.0_24050.0","34750.0_23650.0","8.8284272","482.842712474619"
"43850.0_20150.0","44050.0_19550.0","25.071068","824.2640687119285"
"46750.0_16450.0","46850.0_16050.0","20.3137088","582.842712474619"
"52050.0_27950.0","52250.0_29150.0","53.7989904","2814.213562373095"
"45050.0_13750.0","45250.0_14250.0","12.6568544","865.685424949238"
"57550.0_40650.0","57650.0_40750.0","6.0","200.0"
"24050.0_7250.0","24150.0_7850.0","26.3137088","782.842712474619"
"30250.0_30750.0","30450.0_31250.0","10.4142136","641.4213562373095"
"28650.0_24850.0","28850.0_25150.0","8.4142136","441.4213562373095"
"23050.0_5750.0","23150.0_6450.0","12.0","800.0"
"45750.0_53650.0","46250.0_54150.0","22.9705632","765.685424949238"
"44050.0_26250.0","44250.0_26050.0","7.4142136","341.4213562373095"
"30650.0_8550.0","30750.0_9050.0","11.4142136","741.4213562373095"
"31750.0_28650.0","31750.0_30550.0","61.48528159999999","1982.842712474619"
"49750.0_32850.0","50250.0_33350.0","31.4142136","1141.4213562373095"
"16750.0_50050.0","17150.0_49850.0","24.142136","482.842712474619"
"14950.0_11950.0","16750.0_11950.0","116.6274176","3648.528137423857"
"57350.0_53550.0","57950.0_54350.0","52.426407999999995","1048.528137423857"
"22350.0_7650.0","22650.0_8050.0","20.6568544","782.842712474619"
"28150.0_4750.0","28450.0_4450.0","8.8284272","482.842712474619"
"56050.0_46350.0","56750.0_45450.0","16.4852816","1248.528137423857"
"56750.0_4750.0","57750.0_5350.0","19.8994952","1589.9494936611666"
"8350.0_31850.0","8550.0_30150.0","34.6568544","2665.685424949238"
"15050.0_13050.0","16750.0_11950.0","107.6984856","4755.634918610404"
"50950.0_29550.0","52150.0_29650.0","45.7279224","1524.2640687119285"
"38150.0_3050.0","38750.0_3450.0","38.284272","765.685424949238"
"31750.0_30550.0","32750.0_30050.0","22.3137088","1831.370849898476"
"12950.0_52350.0","13450.0_52150.0","11.8284272","782.842712474619"
"11850.0_36050.0","13250.0_36150.0","70.5563496","1524.2640687119285"
"36050.0_8850.0","37450.0_10950.0","82.98275759999997","4587.005768508881"
"7350.0_51350.0","7950.0_51450.0","32.071068","641.4213562373095"
"7850.0_54050.0","8750.0_53350.0","55.6984856","1307.1067811865476"
"30050.0_14350.0","30750.0_13550.0","45.6274176","1265.685424949238"
"12350.0_28650.0","12750.0_28150.0","32.3137088","982.842712474619"
"16550.0_33350.0","16950.0_32750.0","30.3847768","1107.1067811865476"
"12650.0_24550.0","12850.0_24250.0","19.142136","382.842712474619"
"29950.0_30650.0","30450.0_31250.0","19.4852816","1065.685424949238"
"48150.0_51950.0","48750.0_51950.0","34.142136","682.842712474619"
"37850.0_30550.0","38250.0_29850.0","13.2426408","924.2640687119285"
"38350.0_21950.0","38750.0_20650.0","53.24264079999999","1724.2640687119285"
"29650.0_51350.0","29950.0_52150.0","49.142136","982.842712474619"
"48050.0_47750.0","48350.0_46050.0","81.69848560000001","1907.1067811865476"
"7350.0_51450.0","7750.0_52050.0","32.6274176","765.685424949238"
"49150.0_5650.0","50950.0_6450.0","75.79899039999998","2531.370849898476"
"350.0_34650.0","550.0_34850.0","14.142136","282.842712474619"
"28550.0_48650.0","29150.0_48450.0","12.2426408","824.2640687119285"
"17850.0_36850.0","18850.0_36650.0","17.071068","1307.1067811865476"
"56050.0_4250.0","56650.0_4350.0","23.7279224","924.2640687119285"
"55250.0_8750.0","55850.0_8850.0","12.4142136","841.4213562373095"
"27150.0_49450.0","27350.0_49950.0","10.4142136","641.4213562373095"
"58450.0_13750.0","58950.0_13050.0","45.35534","907.1067811865476"
"4150.0_51050.0","4150.0_51750.0","35.0","700.0"
"51150.0_11950.0","51250.0_10750.0","18.4142136","1441.4213562373095"
"42050.0_7250.0","42350.0_5950.0","25.6568544","1765.685424949238"
"43750.0_26850.0","44050.0_26250.0","23.8284272","782.842712474619"
"37750.0_22450.0","38050.0_22250.0","19.142136","382.842712474619"
"33350.0_50750.0","33450.0_50950.0","12.071068","241.4213562373095"
"44250.0_19350.0","44350.0_18950.0","10.4142136","641.4213562373095"
"46450.0_5050.0","46750.0_4250.0","39.142135999999994","1265.685424949238"
"48350.0_450.0","48850.0_250.0","29.142136","582.842712474619"
"13450.0_9650.0","15150.0_8750.0","27.071068","2307.106781186548"
"1750.0_10350.0","2750.0_11950.0","55.313708799999986","2731.370849898476"
"46350.0_16150.0","46850.0_16050.0","21.3137088","682.842712474619"
"34150.0_7150.0","34450.0_8250.0","18.2426408","1424.2640687119285"
"46950.0_5950.0","47050.0_6250.0","17.071068","341.4213562373095"
"9750.0_39150.0","9850.0_38850.0","16.0","400.0"
"3250.0_25250.0","3650.0_24950.0","24.6568544","782.842712474619"
"44350.0_18950.0","45050.0_18950.0","35.0","700.0"
"4050.0_57250.0","5850.0_56550.0","45.3847768","2372.792206135786"
"26450.0_47450.0","27050.0_47550.0","32.071068","641.4213562373095"
"34250.0_4550.0","34950.0_4150.0","32.3137088","1465.685424949238"
"33650.0_31150.0","34750.0_31250.0","17.4142136","1341.4213562373095"
"44450.0_35850.0","45150.0_36650.0","55.3847768","1524.2640687119285"
"3150.0_47750.0","3750.0_47150.0","20.4852816","1165.685424949238"
"2650.0_50850.0","2950.0_50450.0","25.2426408","1724.2640687119285"
"50150.0_9850.0","50250.0_10950.0","33.4142136","1741.4213562373095"
"22650.0_50450.0","22950.0_49950.0","31.213204","624.2640687119285"
"9250.0_57350.0","10350.0_56550.0","81.52691279999999","1807.1067811865476"
"7450.0_31850.0","7450.0_33150.0","22.071068","1807.1067811865476"
"32750.0_10150.0","33550.0_10050.0","18.6568544","1465.685424949238"
"6850.0_25250.0","7150.0_26050.0","34.3137088","2631.370849898476"
"9950.0_37950.0","10550.0_38050.0","32.071068","641.4213562373095"
"36650.0_24550.0","37050.0_25050.0","33.284272","665.685424949238"
"1650.0_55050.0","1750.0_53350.0","23.6568544","1965.685424949238"
"45750.0_53650.0","46850.0_53450.0","58.35534","1489.9494936611666"
"36250.0_25550.0","37050.0_25050.0","50.35534","1007.1067811865476"
"3250.0_49050.0","3450.0_48850.0","14.142136","282.842712474619"
"29050.0_10450.0","29050.0_10650.0","10.0","200.0"
"21950.0_15750.0","21950.0_16350.0","12.0","800.0"
"34750.0_33650.0","34850.0_33950.0","17.071068","341.4213562373095"
"20150.0_48750.0","20250.0_48550.0","12.071068","241.4213562373095"
"37750.0_22450.0","38150.0_22650.0","24.142136","482.842712474619"
"27950.0_12750.0","27950.0_13350.0","14.2426408","1024.2640687119285"
"45850.0_53750.0","46250.0_54150.0","21.5563496","624.2640687119285"
"43450.0_19950.0","43850.0_20150.0","22.3847768","624.2640687119285"
"27750.0_13250.0","27950.0_13350.0","7.0","300.0"
"21750.0_15450.0","21950.0_16350.0","16.071068","1124.2640687119285"
"20850.0_21150.0","21050.0_21350.0","12.2426408","341.4213562373095"
"22350.0_28650.0","22650.0_27550.0","24.9705632","1448.528137423857"
"14450.0_36450.0","14650.0_36450.0","8.0","400.0"
"58150.0_38250.0","59150.0_37250.0","45.3137088","1965.685424949238"
"6750.0_22650.0","6850.0_22650.0","5.0","100.0"
"43550.0_54250.0","44150.0_53650.0","31.4142136","1141.4213562373095"
"26450.0_14050.0","26650.0_15750.0","41.7279224","2889.9494936611663"
"4050.0_56750.0","5850.0_56550.0","41.071068","2024.2640687119285"
"48350.0_46050.0","49550.0_48850.0","105.11269919999998","4097.056274847714"
"29650.0_21150.0","30350.0_20450.0","51.45584480000001","1365.685424949238"
"11450.0_37650.0","11550.0_36450.0","88.63961199999999","1772.7922061357856"
"26450.0_14050.0","27050.0_13950.0","12.4142136","841.4213562373095"
"37850.0_20050.0","38050.0_19950.0","8.4142136","441.4213562373095"
"26850.0_24050.0","27650.0_24450.0","15.6568544","1165.685424949238"
"1750.0_45450.0","3150.0_45050.0","30.7279224","2672.792206135786"
"12050.0_53250.0","12450.0_54050.0","20.2426408","1624.2640687119285"
"7450.0_13350.0","7650.0_13950.0","16.8284272","882.842712474619"
"32350.0_31150.0","33050.0_31250.0","14.2426408","1024.2640687119285"
"9450.0_9850.0","9750.0_9750.0","16.0","400.0"
"10750.0_19450.0","11050.0_20050.0","19.2426408","1524.2640687119285"
"15850.0_5250.0","16050.0_5650.0","21.6568544","882.842712474619"
"8150.0_37550.0","8350.0_37350.0","7.4142136","341.4213562373095"
"41250.0_33050.0","42150.0_34150.0","72.1248936","1555.6349186104046"
"58050.0_3850.0","58450.0_4950.0","18.6568544","1465.685424949238"
"41250.0_33050.0","42250.0_33650.0","62.426407999999995","1248.528137423857"
"27950.0_38150.0","28650.0_38350.0","35.870058400000005","1007.1067811865476"
"10350.0_56550.0","11050.0_57750.0","19.4852816","1548.528137423857"
"11550.0_36450.0","11850.0_36050.0","9.8284272","582.842712474619"
"3850.0_21750.0","4950.0_22250.0","54.526912800000005","1589.9494936611666"
"750.0_10050.0","1250.0_10150.0","27.071068","541.4213562373095"
"7350.0_30250.0","10950.0_31250.0","60.52691279999996","5652.6911934581185"
"7050.0_1950.0","7450.0_3350.0","68.9116896","1731.370849898476"
"14050.0_8850.0","15150.0_8750.0","15.4142136","1141.4213562373095"
"2450.0_34750.0","2650.0_34650.0","7.0","300.0"
"43150.0_39350.0","44850.0_38750.0","57.284272","2348.5281374238575"
"26350.0_55250.0","27350.0_54750.0","16.6568544","1265.685424949238"
"8950.0_10950.0","9250.0_10450.0","31.213204","624.2640687119285"
"22050.0_30050.0","22450.0_30050.0","20.0","400.0"
"11050.0_40450.0","11250.0_41350.0","29.8284272","1382.842712474619"
"8950.0_10950.0","9150.0_10950.0","14.142136","282.842712474619"
"11250.0_35350.0","11350.0_34850.0","11.4142136","741.4213562373095"
"18850.0_7550.0","20150.0_9250.0","79.74011679999998","2979.8989873223327"
"11050.0_40450.0","11450.0_40550.0","10.4142136","641.4213562373095"
"9950.0_37850.0","9950.0_37950.0","5.0","100.0"
"52650.0_49650.0","52650.0_49750.0","5.0","100.0"
"29050.0_48950.0","29050.0_49050.0","5.0","100.0"
"37750.0_22450.0","37850.0_22250.0","12.071068","241.4213562373095"
"38850.0_9950.0","38950.0_9850.0","6.0","200.0"
"29050.0_47750.0","29150.0_48450.0","21.5563496","1189.9494936611666"
"46750.0_4950.0","47050.0_4550.0","9.8284272","582.842712474619"
"44350.0_11750.0","44650.0_11350.0","26.213204","524.2640687119285"
"44250.0_19250.0","44350.0_18950.0","9.4142136","541.4213562373095"
"57150.0_48450.0","57650.0_47450.0","57.7279224","1524.2640687119285"
"50650.0_18850.0","51150.0_18350.0","12.2426408","824.2640687119285"
"18150.0_43050.0","18250.0_41950.0","27.4142136","1141.4213562373095"
"48950.0_17450.0","49050.0_18050.0","18.3137088","782.842712474619"
"51650.0_59750.0","52550.0_59950.0","49.142135999999994","982.842712474619"
"11450.0_35450.0","11650.0_34750.0","18.6568544","1465.685424949238"
"21350.0_37750.0","21650.0_38050.0","12.2426408","824.2640687119285"
"3450.0_35750.0","3850.0_35950.0","24.142136","482.842712474619"
"22350.0_36250.0","22650.0_36350.0","8.0","400.0"
"1050.0_24550.0","1250.0_24450.0","8.6568544","382.842712474619"
"31750.0_58050.0","32250.0_57750.0","31.213204","624.2640687119285"
"32950.0_51250.0","33350.0_50750.0","15.2426408","724.2640687119285"
"3850.0_22350.0","4250.0_21250.0","18.6568544","1465.685424949238"
"2550.0_54250.0","3550.0_54550.0","60.35534","1207.1067811865476"
"29650.0_51350.0","30350.0_52450.0","72.426408","1448.528137423857"
"48250.0_45050.0","49150.0_45450.0","36.071068","1124.2640687119285"
"8950.0_50150.0","9150.0_49250.0","45.870058400000005","1207.1067811865476"
"8750.0_19850.0","9750.0_19950.0","35.870058400000005","2055.6349186104044"
"20250.0_48550.0","21850.0_48650.0","75.91168959999999","2031.370849898476"
"8950.0_50150.0","9750.0_49550.0","47.455844799999994","1365.685424949238"
"6850.0_25250.0","7350.0_24950.0","10.8284272","682.842712474619"
"6750.0_22650.0","7250.0_23550.0","37.7989904","1365.685424949238"
"2950.0_47650.0","3150.0_47750.0","12.071068","241.4213562373095"
"12550.0_37650.0","13250.0_36250.0","68.35533999999998","1689.9494936611666"
"2950.0_44750.0","4150.0_44850.0","17.8284272","1382.842712474619"
"13750.0_36150.0","14450.0_36450.0","12.8284272","882.842712474619"
"6050.0_35850.0","6550.0_35850.0","21.7279224","724.2640687119285"
"3550.0_51550.0","4150.0_51750.0","12.8284272","882.842712474619"
"42850.0_39150.0","44750.0_38650.0","75.35534","2789.949493661167"
"8350.0_53250.0","8750.0_53350.0","22.071068","441.4213562373095"
"5150.0_27550.0","5450.0_26850.0","41.21320399999999","1307.1067811865476"
"14950.0_11950.0","15150.0_13150.0","18.8284272","1482.842712474619"
"9150.0_39450.0","9850.0_38850.0","18.8994952","1007.1067811865476"
"56850.0_47250.0","57650.0_47450.0","13.4142136","941.4213562373095"
"21550.0_40550.0","22750.0_41450.0","27.9705632","1914.213562373095"
"57150.0_46750.0","57650.0_46450.0","10.8284272","682.842712474619"
"27150.0_53350.0","27350.0_53750.0","9.4142136","541.4213562373095"
"15050.0_13050.0","15150.0_13150.0","6.0","200.0"
"51150.0_11950.0","52350.0_11850.0","50.556349600000004","3689.9494936611663"
"45850.0_53750.0","46850.0_53450.0","56.213204000000005","1124.2640687119285"
"12750.0_28150.0","12750.0_28450.0","15.0","300.0"
"15050.0_42750.0","15050.0_43350.0","12.0","800.0"
"3350.0_24250.0","3350.0_25350.0","19.4852816","1548.528137423857"
"47950.0_46050.0","48050.0_47750.0","89.9827576","2072.792206135786"
"57150.0_48450.0","57250.0_48550.0","7.071068","141.4213562373095"
"49650.0_34950.0","49850.0_34950.0","8.0","400.0"
"30050.0_14350.0","30150.0_13950.0","17.0","500.0"
"43950.0_12150.0","44150.0_12150.0","10.0","200.0"
"11350.0_34850.0","11450.0_35450.0","13.8284272","982.842712474619"
"8250.0_31750.0","8350.0_31850.0","6.0","200.0"
"50150.0_29850.0","50550.0_29150.0","46.213204000000005","924.2640687119285"
"55250.0_4150.0","55850.0_3850.0","23.8284272","782.842712474619"
"28550.0_25550.0","28850.0_25150.0","9.8284272","582.842712474619"
"44050.0_25050.0","44250.0_25850.0","18.4852816","1448.528137423857"
"52150.0_11150.0","52350.0_11850.0","12.4142136","841.4213562373095"
"38350.0_34750.0","38450.0_34850.0","7.071068","141.4213562373095"
"42750.0_36050.0","42850.0_36150.0","7.071068","141.4213562373095"
"21350.0_37750.0","21450.0_37350.0","22.071068","441.4213562373095"
"27950.0_4950.0","28450.0_4450.0","11.6568544","765.685424949238"
"7550.0_37250.0","7650.0_37050.0","12.071068","241.4213562373095"
"26250.0_23650.0","26750.0_23850.0","28.4142136","841.4213562373095"
"8950.0_58050.0","11050.0_57750.0","111.25483519999997","2531.370849898476"
"51150.0_38150.0","51550.0_38750.0","15.071068","1107.1067811865476"
"35050.0_11350.0","35650.0_9250.0","63.91168959999999","3162.741699796952"
"54550.0_31350.0","55150.0_31150.0","34.142136","682.842712474619"
"20550.0_31550.0","21250.0_31550.0","43.284272","865.685424949238"
"25850.0_31450.0","26550.0_31450.0","20.071068","1124.2640687119285"
"38550.0_2550.0","38750.0_3450.0","35.6274176","1065.685424949238"
"22650.0_5550.0","22950.0_5650.0","15.3137088","482.842712474619"
"25450.0_21950.0","25550.0_21150.0","27.7279224","924.2640687119285"
"42950.0_5850.0","43150.0_5850.0","6.0","200.0"
"12950.0_52350.0","13450.0_52550.0","14.6568544","1065.685424949238"
"3550.0_51550.0","3850.0_51050.0","29.071068","741.4213562373095"
"7850.0_54050.0","8750.0_53750.0","49.3137088","1082.842712474619"
"31750.0_30550.0","32550.0_29250.0","48.35534","1689.9494936611666"
"33750.0_30250.0","34750.0_31250.0","28.2426408","2424.2640687119283"
"19050.0_53450.0","19750.0_53850.0","28.071068","1124.2640687119285"
"3650.0_51150.0","4150.0_51050.0","11.4142136","741.4213562373095"
"11750.0_18650.0","12050.0_19350.0","20.8284272","882.842712474619"
"25050.0_22650.0","25250.0_21950.0","39.142135999999994","782.842712474619"
"18450.0_9050.0","18850.0_7550.0","60.112699199999994","2231.370849898476"
"10650.0_33350.0","11050.0_34350.0","24.4852816","2048.528137423857"
"31750.0_30750.0","32150.0_30650.0","9.8284272","582.842712474619"
"32550.0_51250.0","33450.0_50950.0","20.4852816","1165.685424949238"
"9850.0_55250.0","10250.0_56250.0","55.0121944","1389.9494936611666"
"57850.0_1350.0","58450.0_2050.0","14.071068","1007.1067811865476"
"39150.0_42850.0","40650.0_42350.0","80.426408","2331.370849898476"
"43150.0_39350.0","44350.0_39450.0","18.4142136","1441.4213562373095"
"5950.0_16750.0","6550.0_15250.0","45.28427199999999","2031.370849898476"
"1150.0_14750.0","1450.0_15450.0","27.071068","2307.106781186548"
"13450.0_9650.0","15450.0_8750.0","31.4852816","2748.528137423857"
"25350.0_33350.0","25750.0_33150.0","24.142136","482.842712474619"
"250.0_35250.0","550.0_34850.0","26.213204","524.2640687119285"
"56850.0_47250.0","57250.0_48550.0","62.071068","1724.2640687119285"
"42850.0_36150.0","43450.0_35850.0","36.213204000000005","724.2640687119285"
"11850.0_24050.0","12650.0_24550.0","50.35534","1007.1067811865476"
"29250.0_24050.0","29550.0_22850.0","20.071068","1607.1067811865476"
"9750.0_44150.0","9750.0_44250.0","5.0","100.0"
"34850.0_33650.0","34850.0_33950.0","19.142136","382.842712474619"
"28550.0_48350.0","28550.0_48650.0","9.0","500.0"
"37950.0_20050.0","38050.0_19950.0","6.0","200.0"
"44250.0_25850.0","44350.0_25450.0","13.2426408","924.2640687119285"
"48450.0_45350.0","48650.0_44450.0","33.9705632","1548.528137423857"
"42650.0_6050.0","42950.0_5850.0","8.4142136","441.4213562373095"
"1650.0_51550.0","1650.0_53250.0","59.142135999999994","2548.5281374238575"
"51950.0_28350.0","52250.0_29150.0","50.55634959999999","2489.9494936611663"
"39450.0_31450.0","39550.0_31050.0","10.4142136","641.4213562373095"
"6750.0_22650.0","7750.0_22450.0","40.0416312","1589.9494936611666"
"49550.0_33350.0","50250.0_33350.0","12.4142136","841.4213562373095"
"4050.0_43550.0","4150.0_44850.0","38.3847768","3038.477631085024"
"34750.0_11250.0","36050.0_8850.0","72.98275759999997","4069.8484809834995"
"48450.0_19050.0","48950.0_18650.0","13.2426408","924.2640687119285"
"54650.0_31550.0","55150.0_31150.0","33.284272","665.685424949238"
"49350.0_35550.0","49850.0_34950.0","40.35534","807.1067811865476"
"5950.0_16750.0","6050.0_14650.0","53.35533999999997","2838.477631085024"
"34750.0_10350.0","35650.0_9250.0","19.3137088","1531.370849898476"
"32350.0_31150.0","32950.0_31750.0","21.071068","1707.1067811865476"
"1350.0_14050.0","2050.0_13250.0","30.6568544","1865.685424949238"
"13450.0_9650.0","14450.0_10550.0","72.5979808","1548.528137423857"
"46050.0_33150.0","47350.0_32150.0","47.52691279999999","1772.7922061357856"
"46150.0_33350.0","47250.0_32050.0","47.112699199999994","1814.213562373095"
"8150.0_37550.0","8250.0_37050.0","22.0","600.0"
"38450.0_23650.0","38750.0_24550.0","49.69848560000001","1107.1067811865476"
"56250.0_21350.0","56550.0_20650.0","37.9411264","1048.528137423857"
"10050.0_35250.0","10850.0_35550.0","17.4852816","1348.528137423857"
"7150.0_13650.0","7650.0_13950.0","10.2426408","624.2640687119285"
"7250.0_9250.0","7650.0_8950.0","26.213204","524.2640687119285"
"7350.0_31650.0","7450.0_33150.0","24.4852816","2048.528137423857"
"3250.0_36250.0","3850.0_35950.0","28.6568544","782.842712474619"
"5250.0_57850.0","5850.0_56550.0","19.4852816","1548.528137423857"
"12850.0_59950.0","13250.0_59550.0","28.284272","565.685424949238"
"11250.0_35350.0","11650.0_34750.0","16.2426408","1224.2640687119285"
"12450.0_57450.0","13050.0_56250.0","19.071068","1507.1067811865476"
"10050.0_35250.0","10550.0_35150.0","12.2426408","824.2640687119285"
"30650.0_47150.0","30850.0_47550.0","24.142136","482.842712474619"
"8050.0_12250.0","8250.0_12450.0","14.142136","282.842712474619"
"31750.0_30550.0","31750.0_30750.0","8.0","400.0"
"42250.0_33650.0","42250.0_34050.0","20.0","400.0"
"37450.0_10950.0","37450.0_11250.0","11.2426408","724.2640687119285"
"46450.0_1650.0","46850.0_1150.0","11.2426408","724.2640687119285"
"3850.0_21750.0","3850.0_22350.0","11.4142136","741.4213562373095"
"35450.0_43050.0","35550.0_43750.0","40.142136","882.842712474619"
"23450.0_33850.0","23550.0_34850.0","34.3137088","1182.842712474619"
"26150.0_18950.0","26250.0_19450.0","27.071068","541.4213562373095"
"27250.0_6350.0","27450.0_5350.0","26.8284272","1882.842712474619"
"42150.0_34150.0","42250.0_34050.0","7.071068","141.4213562373095"
"44250.0_54350.0","44350.0_55050.0","13.4142136","941.4213562373095"
"8950.0_10450.0","8950.0_10950.0","25.0","500.0"
"12350.0_54050.0","12450.0_54050.0","5.0","100.0"
"24750.0_22350.0","25050.0_22650.0","24.142136","482.842712474619"
"28250.0_38750.0","28650.0_38350.0","10.2426408","624.2640687119285"
"48750.0_44150.0","48950.0_43550.0","34.142136","682.842712474619"
"44350.0_39450.0","44750.0_38650.0","46.3847768","1024.2640687119285"
"14150.0_36950.0","14350.0_37350.0","9.4142136","541.4213562373095"
"6550.0_15250.0","6650.0_15750.0","10.0","600.0"
"27650.0_30750.0","28150.0_30450.0","10.8284272","682.842712474619"
"32150.0_30650.0","32550.0_29250.0","51.55634959999999","1707.1067811865476"
"12550.0_13850.0","12750.0_13750.0","8.4142136","441.4213562373095"
"40250.0_31350.0","40850.0_30450.0","42.213204000000005","1407.1067811865476"
"39050.0_20350.0","39850.0_19750.0","17.071068","1307.1067811865476"
"25450.0_21950.0","25850.0_21750.0","18.2426408","541.4213562373095"
"22350.0_25850.0","22950.0_25450.0","38.284272","765.685424949238"
"40550.0_2350.0","40950.0_2650.0","26.213204","524.2640687119285"
"15950.0_25350.0","16050.0_24550.0","42.071068","841.4213562373095"
"11350.0_50450.0","11450.0_49650.0","42.071068","841.4213562373095"
"12250.0_9950.0","12350.0_9950.0","5.0","100.0"
"54550.0_31350.0","55150.0_31650.0","36.213204000000005","724.2640687119285"
"37850.0_20050.0","38050.0_19750.0","11.8284272","782.842712474619"
"54050.0_43550.0","55050.0_43750.0","54.142135999999994","1082.842712474619"
"22350.0_28650.0","23050.0_28550.0","27.5563496","824.2640687119285"
"25850.0_31450.0","26750.0_31550.0","24.7279224","1507.1067811865476"
"20950.0_49250.0","21850.0_48650.0","32.213204000000005","1207.1067811865476"
"45250.0_18950.0","47050.0_18250.0","60.6984856","2455.6349186104044"
"7350.0_24950.0","7550.0_25950.0","19.6568544","1565.685424949238"
"18450.0_250.0","19050.0_450.0","28.142136","965.685424949238"
"15150.0_15250.0","15550.0_15750.0","11.2426408","724.2640687119285"
"14350.0_14950.0","14650.0_14950.0","9.0","500.0"
"13050.0_52550.0","13450.0_52150.0","15.6568544","1165.685424949238"
"4050.0_51750.0","4150.0_51750.0","5.0","100.0"
"37950.0_20850.0","38750.0_20650.0","14.2426408","1024.2640687119285"
"51550.0_38750.0","52150.0_38550.0","34.142136","682.842712474619"
"34750.0_26950.0","35150.0_26950.0","20.0","400.0"
"12450.0_15050.0","13250.0_16150.0","50.55634959999999","1607.1067811865476"
"56250.0_21350.0","56450.0_20650.0","35.870058400000005","1007.1067811865476"
"5450.0_56150.0","5850.0_56550.0","30.0","1000.0"
"11550.0_36450.0","12550.0_37650.0","83.01219439999998","2272.792206135786"
"30650.0_47150.0","32150.0_46850.0","36.9705632","1848.528137423857"
"20150.0_39850.0","21150.0_40550.0","53.526912800000005","1407.1067811865476"
"2550.0_43450.0","4050.0_43550.0","20.0","1600.0"
"7150.0_29250.0","10950.0_31250.0","73.01219439999994","6901.219330881976"
"8650.0_27150.0","8950.0_25950.0","32.4558448","1631.370849898476"
"11950.0_59350.0","12250.0_59350.0","9.0","500.0"
"39450.0_31450.0","40050.0_31350.0","32.071068","641.4213562373095"
"22150.0_29750.0","22450.0_30050.0","21.213204","424.26406871192853"
"7350.0_20450.0","7850.0_19850.0","33.4852816","1182.842712474619"
"23050.0_5750.0","23650.0_6350.0","36.0","1200.0"
"1650.0_53250.0","1750.0_52050.0","54.3137088","2065.685424949238"
"7650.0_37050.0","8350.0_37350.0","24.7279224","1024.2640687119285"
"11450.0_37650.0","13250.0_36250.0","99.68124319999998","2379.898987322333"
"34250.0_4550.0","34350.0_4650.0","6.0","200.0"
"47250.0_23650.0","47350.0_23150.0","27.071068","541.4213562373095"
"7350.0_31650.0","7750.0_32950.0","20.6568544","1665.685424949238"
"41850.0_45350.0","41950.0_45950.0","12.6568544","782.842712474619"
"37750.0_31750.0","38050.0_31650.0","17.071068","341.4213562373095"
"28350.0_38650.0","28650.0_38350.0","8.8284272","482.842712474619"
"35150.0_26950.0","35450.0_27250.0","24.142136","482.842712474619"
"38050.0_1450.0","38150.0_1450.0","5.0","100.0"
"48050.0_18150.0","48950.0_18050.0","15.4142136","1141.4213562373095"
"39550.0_17150.0","40250.0_17250.0","37.071068","741.4213562373095"
"43450.0_59050.0","44150.0_57650.0","82.74011679999998","1831.370849898476"
"34050.0_23950.0","34750.0_23550.0","31.2426408","1124.2640687119285"
"52150.0_2750.0","52850.0_2850.0","21.071068","1707.1067811865476"
"34050.0_23950.0","34550.0_24050.0","26.0","600.0"
"29050.0_49050.0","29650.0_48950.0","25.142136","1065.685424949238"
"43250.0_15350.0","44150.0_15550.0","48.4142136","1241.4213562373095"
"8950.0_58050.0","11050.0_58250.0","129.9116896","3114.2135623730956"
"54650.0_31550.0","55150.0_31650.0","27.071068","541.4213562373095"
"4250.0_21250.0","4950.0_22250.0","62.5979808","2397.056274847714"
"20150.0_48750.0","20950.0_49250.0","50.35534","1007.1067811865476"
"57650.0_40750.0","59150.0_39150.0","71.3847768","2889.9494936611663"
"11850.0_36050.0","13250.0_36250.0","72.6274176","1565.685424949238"
"2550.0_54250.0","3050.0_55650.0","61.183767200000005","1689.9494936611666"
"38650.0_12950.0","39950.0_12850.0","20.2426408","1624.2640687119285"
"34450.0_33750.0","34850.0_33650.0","10.4142136","641.4213562373095"
"38050.0_31650.0","38350.0_31850.0","8.4142136","441.4213562373095"
"13850.0_42450.0","14850.0_42050.0","16.2426408","1224.2640687119285"
"13750.0_6950.0","16050.0_6450.0","41.899495200000004","2989.9494936611673"
"48250.0_45050.0","48450.0_45350.0","8.4142136","441.4213562373095"
"11250.0_50550.0","12150.0_51250.0","57.59798079999999","1248.528137423857"
"40550.0_2350.0","41750.0_50.0","120.94112639999999","3431.370849898476"
"25750.0_33150.0","25850.0_32150.0","58.21320399999999","1807.1067811865476"
"14250.0_15050.0","15150.0_15250.0","22.8994952","1889.9494936611666"
"13850.0_41950.0","14650.0_41450.0","45.284272","1631.370849898476"
"6150.0_9850.0","6550.0_10150.0","25.2426408","841.4213562373095"
"35550.0_43750.0","37950.0_43350.0","72.8700584","2955.6349186104044"
"20150.0_39850.0","21250.0_40450.0","56.35534","1689.9494936611666"
"1950.0_45550.0","2550.0_45650.0","12.4142136","841.4213562373095"
"28350.0_53450.0","29250.0_52750.0","37.6568544","1365.685424949238"
"13850.0_38450.0","14350.0_37750.0","42.284272","1165.685424949238"
"6050.0_14650.0","6650.0_15750.0","18.071068","1407.1067811865476"
"15150.0_8750.0","15450.0_9950.0","57.426407999999995","1631.370849898476"
"13850.0_36850.0","14150.0_36950.0","8.0","400.0"
"41050.0_11350.0","41950.0_11350.0","41.0","900.0"
"46650.0_11750.0","49150.0_14150.0","148.78174799999996","4021.3203435596424"
"21550.0_40950.0","22750.0_41450.0","37.9705632","2514.213562373095"
"32050.0_12950.0","33550.0_13150.0","47.6274176","2997.056274847714"
"16650.0_31550.0","16950.0_32750.0","17.2426408","1324.2640687119285"
"3250.0_48450.0","3450.0_48850.0","21.3137088","682.842712474619"
"8950.0_39750.0","8950.0_40350.0","34.142136","682.842712474619"
"25850.0_31450.0","25850.0_31950.0","12.071068","724.2640687119285"
"50650.0_18850.0","50650.0_18950.0","5.0","100.0"
"48750.0_51950.0","48850.0_50850.0","23.071068","1341.4213562373095"
"44950.0_1450.0","45550.0_850.0","22.2426408","1024.2640687119285"
"58950.0_38450.0","59150.0_37250.0","42.7279224","1707.1067811865476"
"16750.0_49850.0","16750.0_50050.0","8.0","400.0"
"37450.0_11250.0","37650.0_11150.0","7.0","300.0"
"44750.0_38650.0","44850.0_38750.0","7.071068","141.4213562373095"
"16950.0_30750.0","17050.0_29950.0","42.071068","841.4213562373095"
"12050.0_51450.0","12150.0_51250.0","7.0","300.0"
"34150.0_4050.0","34350.0_4650.0","23.4142136","741.4213562373095"
"34850.0_27250.0","35450.0_27250.0","30.0","600.0"
"16750.0_11950.0","17050.0_12050.0","7.4142136","341.4213562373095"
"19850.0_41650.0","20150.0_41250.0","15.7279224","524.2640687119285"
"26450.0_14050.0","26550.0_13950.0","6.0","200.0"
"57650.0_44550.0","57750.0_44650.0","6.0","200.0"
"38750.0_3450.0","38950.0_3250.0","8.4852816","282.842712474619"
"54250.0_43950.0","55050.0_43750.0","44.142136","882.842712474619"
"33750.0_23250.0","34750.0_23650.0","53.55634959999999","1907.1067811865476"
"35050.0_11350.0","36050.0_8850.0","70.15433039999998","3787.005768508881"
"20850.0_21150.0","21150.0_21950.0","14.6568544","1065.685424949238"
"16750.0_11750.0","17450.0_11250.0","13.071068","907.1067811865476"
"2550.0_43450.0","2950.0_44750.0","25.2426408","1724.2640687119285"
"22650.0_25250.0","22950.0_25450.0","19.142136","382.842712474619"
"43750.0_12550.0","43950.0_12150.0","24.142136","482.842712474619"
"22050.0_6750.0","22950.0_5650.0","24.142136","1531.370849898476"
"3250.0_25250.0","3350.0_25350.0","6.0","200.0"
"1150.0_30450.0","1550.0_30850.0","10.2426408","624.2640687119285"
"30650.0_8550.0","31850.0_6650.0","49.87005839999999","2655.6349186104044"
"7250.0_32550.0","7350.0_31650.0","20.4852816","1165.685424949238"
"30650.0_8550.0","30950.0_9150.0","13.8284272","982.842712474619"
"22650.0_36350.0","23050.0_35750.0","44.142136","882.842712474619"
"20150.0_48750.0","21750.0_48550.0","78.2426408","1741.4213562373095"
"13850.0_41950.0","14850.0_42050.0","24.5563496","1407.1067811865476"
"34450.0_33750.0","34750.0_33650.0","8.0","400.0"
"28350.0_24850.0","28650.0_24850.0","9.0","500.0"
"37050.0_56750.0","37850.0_55750.0","56.52691279999998","2355.6349186104044"
"30650.0_8550.0","31450.0_6750.0","53.79899039999998","2331.370849898476"
"10850.0_34550.0","11750.0_33850.0","16.4852816","1248.528137423857"
"13850.0_42450.0","14650.0_41450.0","36.9705632","1448.528137423857"
"32550.0_53250.0","33250.0_53550.0","41.213204000000005","824.2640687119285"
"7550.0_37250.0","8150.0_37550.0","36.213204000000005","724.2640687119285"
"4750.0_42050.0","4950.0_41450.0","14.2426408","1024.2640687119285"
"8650.0_26250.0","8950.0_25950.0","8.8284272","482.842712474619"
"29850.0_4350.0","30750.0_4950.0","18.071068","1407.1067811865476"
"40950.0_10550.0","41950.0_11350.0","49.899495200000004","1624.2640687119285"
"20150.0_39850.0","20650.0_40550.0","48.284272","965.685424949238"
"56050.0_4250.0","56650.0_4250.0","26.142136","1165.685424949238"
"28350.0_53450.0","29450.0_53050.0","36.6568544","1265.685424949238"
"21950.0_29850.0","22450.0_30050.0","29.142136","582.842712474619"
"19050.0_53450.0","19050.0_53950.0","15.2426408","641.4213562373095"
"52050.0_29250.0","52150.0_29650.0","22.071068","441.4213562373095"
"37950.0_20050.0","38050.0_19750.0","9.4142136","541.4213562373095"
"49150.0_14150.0","49250.0_12150.0","87.18376719999999","2372.792206135786"
"37950.0_32150.0","38050.0_31650.0","27.071068","541.4213562373095"
"21750.0_48550.0","21850.0_48650.0","7.071068","141.4213562373095"
"42850.0_39150.0","43150.0_39350.0","19.142136","382.842712474619"
"30350.0_52450.0","30450.0_51950.0","27.071068","541.4213562373095"
"48650.0_44450.0","49150.0_45450.0","16.6568544","1265.685424949238"
"50050.0_29150.0","50550.0_29150.0","29.142136","582.842712474619"
"13050.0_48250.0","13150.0_47350.0","28.7279224","1024.2640687119285"
"44950.0_1450.0","45050.0_1650.0","12.071068","241.4213562373095"
"55850.0_43350.0","56150.0_42750.0","39.7279224","1324.2640687119285"
"52150.0_3050.0","52250.0_3250.0","7.0","300.0"
"7450.0_12750.0","8250.0_12450.0","33.7279224","1607.1067811865476"
"34750.0_10350.0","36050.0_8850.0","25.5563496","2155.6349186104044"
"48650.0_56350.0","49050.0_56450.0","22.071068","441.4213562373095"
"13050.0_52550.0","13150.0_52650.0","6.0","200.0"
"31750.0_58050.0","32350.0_58150.0","31.0","700.0"
"58250.0_29650.0","58750.0_29250.0","11.2426408","724.2640687119285"
"46450.0_5050.0","46750.0_4950.0","16.0","400.0"
"34750.0_11250.0","35650.0_9250.0","66.74011679999998","3445.584412271571"
"32950.0_53550.0","33250.0_53550.0","15.0","300.0"
"56150.0_42750.0","56650.0_42550.0","10.4142136","641.4213562373095"
"15050.0_42750.0","15450.0_43650.0","17.2426408","1324.2640687119285"
"2950.0_50450.0","3050.0_50750.0","9.4142136","541.4213562373095"
"48450.0_19050.0","49950.0_19150.0","25.8994952","2189.9494936611663"
"16250.0_10650.0","16750.0_11750.0","47.313708799999986","1365.685424949238"
"6850.0_19850.0","7850.0_19850.0","50.0","1000.0"
"39250.0_13450.0","39950.0_12850.0","45.3847768","1324.2640687119285"
"10350.0_56550.0","11050.0_58250.0","38.142135999999994","2131.370849898476"
"34750.0_26950.0","34850.0_27250.0","17.071068","341.4213562373095"
"13250.0_16150.0","13950.0_14850.0","61.899495199999976","2589.9494936611663"
"8550.0_29850.0","10950.0_31250.0","70.87005839999995","6287.005768508881"
"13250.0_16150.0","13850.0_14550.0","57.07106799999998","2107.106781186548"
"3850.0_51050.0","4050.0_51750.0","34.4142136","1041.4213562373095"
"30350.0_20450.0","31350.0_22450.0","86.7695536","2731.370849898476"
"10950.0_31250.0","11450.0_28950.0","69.59798079999999","3097.056274847714"
"7650.0_37050.0","8250.0_37050.0","11.4142136","741.4213562373095"
"18150.0_43050.0","18650.0_42150.0","26.142136","1165.685424949238"
"39450.0_31450.0","39950.0_31850.0","33.284272","665.685424949238"
